config_id,attribute,n_source,n_retained,n_suppressed,retained_count,retained_proportion,source_count,source_proportion,suppressed_count,suppressed_minus_retained_proportion,suppressed_proportion,value
CFG00,age,30162,30162,0,328,0.010874610436973676,328,0.010874610436973676,0,NA,NA,17
CFG00,age,30162,30162,0,447,0.014819972150387906,447,0.014819972150387906,0,NA,NA,18
CFG00,age,30162,30162,0,594,0.019693654266958426,594,0.019693654266958426,0,NA,NA,19
CFG00,age,30162,30162,0,629,0.020854054770903786,629,0.020854054770903786,0,NA,NA,20
CFG00,age,30162,30162,0,621,0.020588820370001988,621,0.020588820370001988,0,NA,NA,21
CFG00,age,30162,30162,0,674,0.022345998275976393,674,0.022345998275976393,0,NA,NA,22
CFG00,age,30162,30162,0,824,0.027319143292885088,824,0.027319143292885088,0,NA,NA,23
CFG00,age,30162,30162,0,752,0.024932033684768914,752,0.024932033684768914,0,NA,NA,24
CFG00,age,30162,30162,0,799,0.026490285790066972,799,0.026490285790066972,0,NA,NA,25
CFG00,age,30162,30162,0,745,0.024699953583979844,745,0.024699953583979844,0,NA,NA,26
CFG00,age,30162,30162,0,789,0.026158742788939725,789,0.026158742788939725,0,NA,NA,27
CFG00,age,30162,30162,0,808,0.026788674491081493,808,0.026788674491081493,0,NA,NA,28
CFG00,age,30162,30162,0,774,0.025661428287248857,774,0.025661428287248857,0,NA,NA,29
CFG00,age,30162,30162,0,813,0.026954445991645117,813,0.026954445991645117,0,NA,NA,30
CFG00,age,30162,30162,0,851,0.028214309395928651,851,0.028214309395928651,0,NA,NA,31
CFG00,age,30162,30162,0,789,0.026158742788939725,789,0.026158742788939725,0,NA,NA,32
CFG00,age,30162,30162,0,837,0.027750149194350506,837,0.027750149194350506,0,NA,NA,33
CFG00,age,30162,30162,0,836,0.027716994894237783,836,0.027716994894237783,0,NA,NA,34
CFG00,age,30162,30162,0,828,0.027451760493335985,828,0.027451760493335985,0,NA,NA,35
CFG00,age,30162,30162,0,852,0.028247463696041378,852,0.028247463696041378,0,NA,NA,36
CFG00,age,30162,30162,0,828,0.027451760493335985,828,0.027451760493335985,0,NA,NA,37
CFG00,age,30162,30162,0,791,0.026225051389165175,791,0.026225051389165175,0,NA,NA,38
CFG00,age,30162,30162,0,786,0.026059279888601551,786,0.026059279888601551,0,NA,NA,39
CFG00,age,30162,30162,0,765,0.025363039586234336,765,0.025363039586234336,0,NA,NA,40
CFG00,age,30162,30162,0,769,0.025495656786685233,769,0.025495656786685233,0,NA,NA,41
CFG00,age,30162,30162,0,741,0.024567336383528943,741,0.024567336383528943,0,NA,NA,42
CFG00,age,30162,30162,0,743,0.024633644983754394,743,0.024633644983754394,0,NA,NA,43
CFG00,age,30162,30162,0,704,0.023340627279358133,704,0.023340627279358133,0,NA,NA,44
CFG00,age,30162,30162,0,706,0.023406935879583583,706,0.023406935879583583,0,NA,NA,45
CFG00,age,30162,30162,0,711,0.023572707380147204,711,0.023572707380147204,0,NA,NA,46
CFG00,age,30162,30162,0,683,0.022644386976990914,683,0.022644386976990914,0,NA,NA,47
CFG00,age,30162,30162,0,523,0.017339698958954975,523,0.017339698958954975,0,NA,NA,48
CFG00,age,30162,30162,0,555,0.018400636562562165,555,0.018400636562562165,0,NA,NA,49
CFG00,age,30162,30162,0,575,0.019063722564816657,575,0.019063722564816657,0,NA,NA,50
CFG00,age,30162,30162,0,571,0.01893110536436576,571,0.01893110536436576,0,NA,NA,51
CFG00,age,30162,30162,0,455,0.015085206551289702,455,0.015085206551289702,0,NA,NA,52
CFG00,age,30162,30162,0,448,0.014853126450500629,448,0.014853126450500629,0,NA,NA,53
CFG00,age,30162,30162,0,394,0.013062794244413501,394,0.013062794244413501,0,NA,NA,54
CFG00,age,30162,30162,0,386,0.012797559843511703,386,0.012797559843511703,0,NA,NA,55
CFG00,age,30162,30162,0,343,0.011371924938664544,343,0.011371924938664544,0,NA,NA,56
CFG00,age,30162,30162,0,337,0.011172999137988197,337,0.011172999137988197,0,NA,NA,57
CFG00,age,30162,30162,0,344,0.011405079238777269,344,0.011405079238777269,0,NA,NA,58
CFG00,age,30162,30162,0,332,0.011007227637424575,332,0.011007227637424575,0,NA,NA,59
CFG00,age,30162,30162,0,276,0.0091505868311119957,276,0.0091505868311119957,0,NA,NA,60
CFG00,age,30162,30162,0,259,0.0085869637291956773,259,0.0085869637291956773,0,NA,NA,61
CFG00,age,30162,30162,0,213,0.0070618659240103444,213,0.0070618659240103444,0,NA,NA,62
CFG00,age,30162,30162,0,186,0.0061666998209667792,186,0.0061666998209667792,0,NA,NA,63
CFG00,age,30162,30162,0,173,0.0057356939195013596,173,0.0057356939195013596,0,NA,NA,64
CFG00,age,30162,30162,0,136,0.0045089848153305485,136,0.0045089848153305485,0,NA,NA,65
CFG00,age,30162,30162,0,110,0.0036469730123997084,110,0.0036469730123997084,0,NA,NA,66
CFG00,age,30162,30162,0,111,0.0036801273125124326,111,0.0036801273125124326,0,NA,NA,67
CFG00,age,30162,30162,0,90,0.002983887010145216,90,0.002983887010145216,0,NA,NA,68
CFG00,age,30162,30162,0,80,0.0026523440090179696,80,0.0026523440090179696,0,NA,NA,69
CFG00,age,30162,30162,0,64,0.0021218752072143755,64,0.0021218752072143755,0,NA,NA,70
CFG00,age,30162,30162,0,54,0.0017903322060871295,54,0.0017903322060871295,0,NA,NA,71
CFG00,age,30162,30162,0,40,0.0013261720045089848,40,0.0013261720045089848,0,NA,NA,72
CFG00,age,30162,30162,0,49,0.0016245607055235063,49,0.0016245607055235063,0,NA,NA,73
CFG00,age,30162,30162,0,38,0.0012598634042835356,38,0.0012598634042835356,0,NA,NA,74
CFG00,age,30162,30162,0,34,0.0011272462038326371,34,0.0011272462038326371,0,NA,NA,75
CFG00,age,30162,30162,0,29,0.00096147470326901402,29,0.00096147470326901402,0,NA,NA,76
CFG00,age,30162,30162,0,20,0.0006630860022544924,20,0.0006630860022544924,0,NA,NA,77
CFG00,age,30162,30162,0,14,0.00046416020157814467,14,0.00046416020157814467,0,NA,NA,78
CFG00,age,30162,30162,0,15,0.0004973145016908693,15,0.0004973145016908693,0,NA,NA,79
CFG00,age,30162,30162,0,16,0.00053046880180359387,16,0.00053046880180359387,0,NA,NA,80
CFG00,age,30162,30162,0,13,0.00043100590146542009,13,0.00043100590146542009,0,NA,NA,81
CFG00,age,30162,30162,0,7,0.00023208010078907233,7,0.00023208010078907233,0,NA,NA,82
CFG00,age,30162,30162,0,5,0.0001657715005636231,5,0.0001657715005636231,0,NA,NA,83
CFG00,age,30162,30162,0,8,0.00026523440090179694,8,0.00026523440090179694,0,NA,NA,84
CFG00,age,30162,30162,0,3,9.9462900338173865e-05,3,9.9462900338173865e-05,0,NA,NA,85
CFG00,age,30162,30162,0,1,3.3154300112724617e-05,1,3.3154300112724617e-05,0,NA,NA,86
CFG00,age,30162,30162,0,3,9.9462900338173865e-05,3,9.9462900338173865e-05,0,NA,NA,88
CFG00,age,30162,30162,0,35,0.0011604005039453618,35,0.0011604005039453618,0,NA,NA,90
CFG00,education,30162,30162,0,820,0.027186526092434188,820,0.027186526092434188,0,NA,NA,10th
CFG00,education,30162,30162,0,1048,0.034745706518135404,1048,0.034745706518135404,0,NA,NA,11th
CFG00,education,30162,30162,0,377,0.012499171142497182,377,0.012499171142497182,0,NA,NA,12th
CFG00,education,30162,30162,0,151,0.0050062993170214174,151,0.0050062993170214174,0,NA,NA,1st-4th
CFG00,education,30162,30162,0,288,0.0095484384324646902,288,0.0095484384324646902,0,NA,NA,5th-6th
CFG00,education,30162,30162,0,557,0.018466945162787615,557,0.018466945162787615,0,NA,NA,7th-8th
CFG00,education,30162,30162,0,455,0.015085206551289702,455,0.015085206551289702,0,NA,NA,9th
CFG00,education,30162,30162,0,1008,0.03341953451362642,1008,0.03341953451362642,0,NA,NA,Assoc-acdm
CFG00,education,30162,30162,0,1307,0.043332670247331076,1307,0.043332670247331076,0,NA,NA,Assoc-voc
CFG00,education,30162,30162,0,5044,0.16723028976858298,5044,0.16723028976858298,0,NA,NA,Bachelors
CFG00,education,30162,30162,0,375,0.012432862542271732,375,0.012432862542271732,0,NA,NA,Doctorate
CFG00,education,30162,30162,0,9840,0.32623831310921025,9840,0.32623831310921025,0,NA,NA,HS-grad
CFG00,education,30162,30162,0,1627,0.053942046283402954,1627,0.053942046283402954,0,NA,NA,Masters
CFG00,education,30162,30162,0,45,0.001491943505072608,45,0.001491943505072608,0,NA,NA,Preschool
CFG00,education,30162,30162,0,542,0.017969630661096744,542,0.017969630661096744,0,NA,NA,Prof-school
CFG00,education,30162,30162,0,6678,0.22140441615277501,6678,0.22140441615277501,0,NA,NA,Some-college
CFG00,marital-status,30162,30162,0,4214,0.13971222067502154,4214,0.13971222067502154,0,NA,NA,Divorced
CFG00,marital-status,30162,30162,0,21,0.00069624030236721708,21,0.00069624030236721708,0,NA,NA,Married-AF-spouse
CFG00,marital-status,30162,30162,0,14065,0.46631523108547179,14065,0.46631523108547179,0,NA,NA,Married-civ-spouse
CFG00,marital-status,30162,30162,0,370,0.01226709104170811,370,0.01226709104170811,0,NA,NA,Married-spouse-absent
CFG00,marital-status,30162,30162,0,9726,0.32245872289635968,9726,0.32245872289635968,0,NA,NA,Never-married
CFG00,marital-status,30162,30162,0,939,0.03113188780584842,939,0.03113188780584842,0,NA,NA,Separated
CFG00,marital-status,30162,30162,0,827,0.027418606193223262,827,0.027418606193223262,0,NA,NA,Widowed
CFG00,native-country,30162,30162,0,18,0.00059677740202904314,18,0.00059677740202904314,0,NA,NA,Cambodia
CFG00,native-country,30162,30162,0,107,0.0035475101120615343,107,0.0035475101120615343,0,NA,NA,Canada
CFG00,native-country,30162,30162,0,68,0.0022544924076652742,68,0.0022544924076652742,0,NA,NA,China
CFG00,native-country,30162,30162,0,56,0.0018566408063125787,56,0.0018566408063125787,0,NA,NA,Columbia
CFG00,native-country,30162,30162,0,92,0.0030501956103706649,92,0.0030501956103706649,0,NA,NA,Cuba
CFG00,native-country,30162,30162,0,67,0.0022213381075525496,67,0.0022213381075525496,0,NA,NA,Dominican-Republic
CFG00,native-country,30162,30162,0,27,0.00089516610304356476,27,0.00089516610304356476,0,NA,NA,Ecuador
CFG00,native-country,30162,30162,0,100,0.003315430011272462,100,0.003315430011272462,0,NA,NA,El-Salvador
CFG00,native-country,30162,30162,0,86,0.0028512698096943173,86,0.0028512698096943173,0,NA,NA,England
CFG00,native-country,30162,30162,0,27,0.00089516610304356476,27,0.00089516610304356476,0,NA,NA,France
CFG00,native-country,30162,30162,0,128,0.004243750414428751,128,0.004243750414428751,0,NA,NA,Germany
CFG00,native-country,30162,30162,0,29,0.00096147470326901402,29,0.00096147470326901402,0,NA,NA,Greece
CFG00,native-country,30162,30162,0,63,0.0020887209071016512,63,0.0020887209071016512,0,NA,NA,Guatemala
CFG00,native-country,30162,30162,0,42,0.0013924806047344342,42,0.0013924806047344342,0,NA,NA,Haiti
CFG00,native-country,30162,30162,0,1,3.3154300112724617e-05,1,3.3154300112724617e-05,0,NA,NA,Holand-Netherlands
CFG00,native-country,30162,30162,0,12,0.00039785160135269546,12,0.00039785160135269546,0,NA,NA,Honduras
CFG00,native-country,30162,30162,0,19,0.00062993170214176782,19,0.00062993170214176782,0,NA,NA,Hong
CFG00,native-country,30162,30162,0,13,0.00043100590146542009,13,0.00043100590146542009,0,NA,NA,Hungary
CFG00,native-country,30162,30162,0,100,0.003315430011272462,100,0.003315430011272462,0,NA,NA,India
CFG00,native-country,30162,30162,0,42,0.0013924806047344342,42,0.0013924806047344342,0,NA,NA,Iran
CFG00,native-country,30162,30162,0,24,0.00079570320270539092,24,0.00079570320270539092,0,NA,NA,Ireland
CFG00,native-country,30162,30162,0,68,0.0022544924076652742,68,0.0022544924076652742,0,NA,NA,Italy
CFG00,native-country,30162,30162,0,80,0.0026523440090179696,80,0.0026523440090179696,0,NA,NA,Jamaica
CFG00,native-country,30162,30162,0,59,0.0019561037066507525,59,0.0019561037066507525,0,NA,NA,Japan
CFG00,native-country,30162,30162,0,17,0.00056362310191631856,17,0.00056362310191631856,0,NA,NA,Laos
CFG00,native-country,30162,30162,0,610,0.020224123068762017,610,0.020224123068762017,0,NA,NA,Mexico
CFG00,native-country,30162,30162,0,33,0.0010940919037199124,33,0.0010940919037199124,0,NA,NA,Nicaragua
CFG00,native-country,30162,30162,0,14,0.00046416020157814467,14,0.00046416020157814467,0,NA,NA,Outlying-US(Guam-USVI-etc)
CFG00,native-country,30162,30162,0,30,0.00099462900338173859,30,0.00099462900338173859,0,NA,NA,Peru
CFG00,native-country,30162,30162,0,188,0.0062330084211922286,188,0.0062330084211922286,0,NA,NA,Philippines
CFG00,native-country,30162,30162,0,56,0.0018566408063125787,56,0.0018566408063125787,0,NA,NA,Poland
CFG00,native-country,30162,30162,0,34,0.0011272462038326371,34,0.0011272462038326371,0,NA,NA,Portugal
CFG00,native-country,30162,30162,0,109,0.0036138187122869837,109,0.0036138187122869837,0,NA,NA,Puerto-Rico
CFG00,native-country,30162,30162,0,11,0.00036469730123997083,11,0.00036469730123997083,0,NA,NA,Scotland
CFG00,native-country,30162,30162,0,71,0.0023539553080034479,71,0.0023539553080034479,0,NA,NA,South
CFG00,native-country,30162,30162,0,42,0.0013924806047344342,42,0.0013924806047344342,0,NA,NA,Taiwan
CFG00,native-country,30162,30162,0,17,0.00056362310191631856,17,0.00056362310191631856,0,NA,NA,Thailand
CFG00,native-country,30162,30162,0,18,0.00059677740202904314,18,0.00059677740202904314,0,NA,NA,Trinadad&Tobago
CFG00,native-country,30162,30162,0,27504,0.91187587030037798,27504,0.91187587030037798,0,NA,NA,United-States
CFG00,native-country,30162,30162,0,64,0.0021218752072143755,64,0.0021218752072143755,0,NA,NA,Vietnam
CFG00,native-country,30162,30162,0,16,0.00053046880180359387,16,0.00053046880180359387,0,NA,NA,Yugoslavia
CFG00,occupation,30162,30162,0,3721,0.12336715071944832,3721,0.12336715071944832,0,NA,NA,Adm-clerical
CFG00,occupation,30162,30162,0,9,0.00029838870101452157,9,0.00029838870101452157,0,NA,NA,Armed-Forces
CFG00,occupation,30162,30162,0,4030,0.13361182945428021,4030,0.13361182945428021,0,NA,NA,Craft-repair
CFG00,occupation,30162,30162,0,3992,0.13235196604999669,3992,0.13235196604999669,0,NA,NA,Exec-managerial
CFG00,occupation,30162,30162,0,989,0.032789602811484651,989,0.032789602811484651,0,NA,NA,Farming-fishing
CFG00,occupation,30162,30162,0,1350,0.04475830515217824,1350,0.04475830515217824,0,NA,NA,Handlers-cleaners
CFG00,occupation,30162,30162,0,1966,0.065181354021616608,1966,0.065181354021616608,0,NA,NA,Machine-op-inspct
CFG00,occupation,30162,30162,0,3212,0.10649161196207148,3212,0.10649161196207148,0,NA,NA,Other-service
CFG00,occupation,30162,30162,0,143,0.0047410649161196208,143,0.0047410649161196208,0,NA,NA,Priv-house-serv
CFG00,occupation,30162,30162,0,4038,0.13387706385518203,4038,0.13387706385518203,0,NA,NA,Prof-specialty
CFG00,occupation,30162,30162,0,644,0.021351369272594657,644,0.021351369272594657,0,NA,NA,Protective-serv
CFG00,occupation,30162,30162,0,3584,0.11882501160400503,3584,0.11882501160400503,0,NA,NA,Sales
CFG00,occupation,30162,30162,0,912,0.030236721702804854,912,0.030236721702804854,0,NA,NA,Tech-support
CFG00,occupation,30162,30162,0,1572,0.052118559777203102,1572,0.052118559777203102,0,NA,NA,Transport-moving
CFG00,race,30162,30162,0,286,0.0094821298322392417,286,0.0094821298322392417,0,NA,NA,Amer-Indian-Eskimo
CFG00,race,30162,30162,0,895,0.029673098600888535,895,0.029673098600888535,0,NA,NA,Asian-Pac-Islander
CFG00,race,30162,30162,0,2817,0.093395663417545252,2817,0.093395663417545252,0,NA,NA,Black
CFG00,race,30162,30162,0,231,0.007658643326039387,231,0.007658643326039387,0,NA,NA,Other
CFG00,race,30162,30162,0,25933,0.85979046482328758,25933,0.85979046482328758,0,NA,NA,White
CFG00,salary-class,30162,30162,0,22654,0.75107751475366358,22654,0.75107751475366358,0,NA,NA,<=50K
CFG00,salary-class,30162,30162,0,7508,0.24892248524633645,7508,0.24892248524633645,0,NA,NA,>50K
CFG00,sex,30162,30162,0,9782,0.32431536370267222,9782,0.32431536370267222,0,NA,NA,Female
CFG00,sex,30162,30162,0,20380,0.67568463629732778,20380,0.67568463629732778,0,NA,NA,Male
CFG00,workclass,30162,30162,0,943,0.03126450500629932,943,0.03126450500629932,0,NA,NA,Federal-gov
CFG00,workclass,30162,30162,0,2067,0.068529938333001791,2067,0.068529938333001791,0,NA,NA,Local-gov
CFG00,workclass,30162,30162,0,22286,0.73887673231218087,22286,0.73887673231218087,0,NA,NA,Private
CFG00,workclass,30162,30162,0,1074,0.03560771832106624,1074,0.03560771832106624,0,NA,NA,Self-emp-inc
CFG00,workclass,30162,30162,0,2499,0.082852595981698821,2499,0.082852595981698821,0,NA,NA,Self-emp-not-inc
CFG00,workclass,30162,30162,0,1279,0.042404349844174787,1279,0.042404349844174787,0,NA,NA,State-gov
CFG00,workclass,30162,30162,0,14,0.00046416020157814467,14,0.00046416020157814467,0,NA,NA,Without-pay
CFG01,age,30162,30162,0,328,0.010874610436973676,328,0.010874610436973676,0,NA,NA,17
CFG01,age,30162,30162,0,447,0.014819972150387906,447,0.014819972150387906,0,NA,NA,18
CFG01,age,30162,30162,0,594,0.019693654266958426,594,0.019693654266958426,0,NA,NA,19
CFG01,age,30162,30162,0,629,0.020854054770903786,629,0.020854054770903786,0,NA,NA,20
CFG01,age,30162,30162,0,621,0.020588820370001988,621,0.020588820370001988,0,NA,NA,21
CFG01,age,30162,30162,0,674,0.022345998275976393,674,0.022345998275976393,0,NA,NA,22
CFG01,age,30162,30162,0,824,0.027319143292885088,824,0.027319143292885088,0,NA,NA,23
CFG01,age,30162,30162,0,752,0.024932033684768914,752,0.024932033684768914,0,NA,NA,24
CFG01,age,30162,30162,0,799,0.026490285790066972,799,0.026490285790066972,0,NA,NA,25
CFG01,age,30162,30162,0,745,0.024699953583979844,745,0.024699953583979844,0,NA,NA,26
CFG01,age,30162,30162,0,789,0.026158742788939725,789,0.026158742788939725,0,NA,NA,27
CFG01,age,30162,30162,0,808,0.026788674491081493,808,0.026788674491081493,0,NA,NA,28
CFG01,age,30162,30162,0,774,0.025661428287248857,774,0.025661428287248857,0,NA,NA,29
CFG01,age,30162,30162,0,813,0.026954445991645117,813,0.026954445991645117,0,NA,NA,30
CFG01,age,30162,30162,0,851,0.028214309395928651,851,0.028214309395928651,0,NA,NA,31
CFG01,age,30162,30162,0,789,0.026158742788939725,789,0.026158742788939725,0,NA,NA,32
CFG01,age,30162,30162,0,837,0.027750149194350506,837,0.027750149194350506,0,NA,NA,33
CFG01,age,30162,30162,0,836,0.027716994894237783,836,0.027716994894237783,0,NA,NA,34
CFG01,age,30162,30162,0,828,0.027451760493335985,828,0.027451760493335985,0,NA,NA,35
CFG01,age,30162,30162,0,852,0.028247463696041378,852,0.028247463696041378,0,NA,NA,36
CFG01,age,30162,30162,0,828,0.027451760493335985,828,0.027451760493335985,0,NA,NA,37
CFG01,age,30162,30162,0,791,0.026225051389165175,791,0.026225051389165175,0,NA,NA,38
CFG01,age,30162,30162,0,786,0.026059279888601551,786,0.026059279888601551,0,NA,NA,39
CFG01,age,30162,30162,0,765,0.025363039586234336,765,0.025363039586234336,0,NA,NA,40
CFG01,age,30162,30162,0,769,0.025495656786685233,769,0.025495656786685233,0,NA,NA,41
CFG01,age,30162,30162,0,741,0.024567336383528943,741,0.024567336383528943,0,NA,NA,42
CFG01,age,30162,30162,0,743,0.024633644983754394,743,0.024633644983754394,0,NA,NA,43
CFG01,age,30162,30162,0,704,0.023340627279358133,704,0.023340627279358133,0,NA,NA,44
CFG01,age,30162,30162,0,706,0.023406935879583583,706,0.023406935879583583,0,NA,NA,45
CFG01,age,30162,30162,0,711,0.023572707380147204,711,0.023572707380147204,0,NA,NA,46
CFG01,age,30162,30162,0,683,0.022644386976990914,683,0.022644386976990914,0,NA,NA,47
CFG01,age,30162,30162,0,523,0.017339698958954975,523,0.017339698958954975,0,NA,NA,48
CFG01,age,30162,30162,0,555,0.018400636562562165,555,0.018400636562562165,0,NA,NA,49
CFG01,age,30162,30162,0,575,0.019063722564816657,575,0.019063722564816657,0,NA,NA,50
CFG01,age,30162,30162,0,571,0.01893110536436576,571,0.01893110536436576,0,NA,NA,51
CFG01,age,30162,30162,0,455,0.015085206551289702,455,0.015085206551289702,0,NA,NA,52
CFG01,age,30162,30162,0,448,0.014853126450500629,448,0.014853126450500629,0,NA,NA,53
CFG01,age,30162,30162,0,394,0.013062794244413501,394,0.013062794244413501,0,NA,NA,54
CFG01,age,30162,30162,0,386,0.012797559843511703,386,0.012797559843511703,0,NA,NA,55
CFG01,age,30162,30162,0,343,0.011371924938664544,343,0.011371924938664544,0,NA,NA,56
CFG01,age,30162,30162,0,337,0.011172999137988197,337,0.011172999137988197,0,NA,NA,57
CFG01,age,30162,30162,0,344,0.011405079238777269,344,0.011405079238777269,0,NA,NA,58
CFG01,age,30162,30162,0,332,0.011007227637424575,332,0.011007227637424575,0,NA,NA,59
CFG01,age,30162,30162,0,276,0.0091505868311119957,276,0.0091505868311119957,0,NA,NA,60
CFG01,age,30162,30162,0,259,0.0085869637291956773,259,0.0085869637291956773,0,NA,NA,61
CFG01,age,30162,30162,0,213,0.0070618659240103444,213,0.0070618659240103444,0,NA,NA,62
CFG01,age,30162,30162,0,186,0.0061666998209667792,186,0.0061666998209667792,0,NA,NA,63
CFG01,age,30162,30162,0,173,0.0057356939195013596,173,0.0057356939195013596,0,NA,NA,64
CFG01,age,30162,30162,0,136,0.0045089848153305485,136,0.0045089848153305485,0,NA,NA,65
CFG01,age,30162,30162,0,110,0.0036469730123997084,110,0.0036469730123997084,0,NA,NA,66
CFG01,age,30162,30162,0,111,0.0036801273125124326,111,0.0036801273125124326,0,NA,NA,67
CFG01,age,30162,30162,0,90,0.002983887010145216,90,0.002983887010145216,0,NA,NA,68
CFG01,age,30162,30162,0,80,0.0026523440090179696,80,0.0026523440090179696,0,NA,NA,69
CFG01,age,30162,30162,0,64,0.0021218752072143755,64,0.0021218752072143755,0,NA,NA,70
CFG01,age,30162,30162,0,54,0.0017903322060871295,54,0.0017903322060871295,0,NA,NA,71
CFG01,age,30162,30162,0,40,0.0013261720045089848,40,0.0013261720045089848,0,NA,NA,72
CFG01,age,30162,30162,0,49,0.0016245607055235063,49,0.0016245607055235063,0,NA,NA,73
CFG01,age,30162,30162,0,38,0.0012598634042835356,38,0.0012598634042835356,0,NA,NA,74
CFG01,age,30162,30162,0,34,0.0011272462038326371,34,0.0011272462038326371,0,NA,NA,75
CFG01,age,30162,30162,0,29,0.00096147470326901402,29,0.00096147470326901402,0,NA,NA,76
CFG01,age,30162,30162,0,20,0.0006630860022544924,20,0.0006630860022544924,0,NA,NA,77
CFG01,age,30162,30162,0,14,0.00046416020157814467,14,0.00046416020157814467,0,NA,NA,78
CFG01,age,30162,30162,0,15,0.0004973145016908693,15,0.0004973145016908693,0,NA,NA,79
CFG01,age,30162,30162,0,16,0.00053046880180359387,16,0.00053046880180359387,0,NA,NA,80
CFG01,age,30162,30162,0,13,0.00043100590146542009,13,0.00043100590146542009,0,NA,NA,81
CFG01,age,30162,30162,0,7,0.00023208010078907233,7,0.00023208010078907233,0,NA,NA,82
CFG01,age,30162,30162,0,5,0.0001657715005636231,5,0.0001657715005636231,0,NA,NA,83
CFG01,age,30162,30162,0,8,0.00026523440090179694,8,0.00026523440090179694,0,NA,NA,84
CFG01,age,30162,30162,0,3,9.9462900338173865e-05,3,9.9462900338173865e-05,0,NA,NA,85
CFG01,age,30162,30162,0,1,3.3154300112724617e-05,1,3.3154300112724617e-05,0,NA,NA,86
CFG01,age,30162,30162,0,3,9.9462900338173865e-05,3,9.9462900338173865e-05,0,NA,NA,88
CFG01,age,30162,30162,0,35,0.0011604005039453618,35,0.0011604005039453618,0,NA,NA,90
CFG01,education,30162,30162,0,820,0.027186526092434188,820,0.027186526092434188,0,NA,NA,10th
CFG01,education,30162,30162,0,1048,0.034745706518135404,1048,0.034745706518135404,0,NA,NA,11th
CFG01,education,30162,30162,0,377,0.012499171142497182,377,0.012499171142497182,0,NA,NA,12th
CFG01,education,30162,30162,0,151,0.0050062993170214174,151,0.0050062993170214174,0,NA,NA,1st-4th
CFG01,education,30162,30162,0,288,0.0095484384324646902,288,0.0095484384324646902,0,NA,NA,5th-6th
CFG01,education,30162,30162,0,557,0.018466945162787615,557,0.018466945162787615,0,NA,NA,7th-8th
CFG01,education,30162,30162,0,455,0.015085206551289702,455,0.015085206551289702,0,NA,NA,9th
CFG01,education,30162,30162,0,1008,0.03341953451362642,1008,0.03341953451362642,0,NA,NA,Assoc-acdm
CFG01,education,30162,30162,0,1307,0.043332670247331076,1307,0.043332670247331076,0,NA,NA,Assoc-voc
CFG01,education,30162,30162,0,5044,0.16723028976858298,5044,0.16723028976858298,0,NA,NA,Bachelors
CFG01,education,30162,30162,0,375,0.012432862542271732,375,0.012432862542271732,0,NA,NA,Doctorate
CFG01,education,30162,30162,0,9840,0.32623831310921025,9840,0.32623831310921025,0,NA,NA,HS-grad
CFG01,education,30162,30162,0,1627,0.053942046283402954,1627,0.053942046283402954,0,NA,NA,Masters
CFG01,education,30162,30162,0,45,0.001491943505072608,45,0.001491943505072608,0,NA,NA,Preschool
CFG01,education,30162,30162,0,542,0.017969630661096744,542,0.017969630661096744,0,NA,NA,Prof-school
CFG01,education,30162,30162,0,6678,0.22140441615277501,6678,0.22140441615277501,0,NA,NA,Some-college
CFG01,marital-status,30162,30162,0,4214,0.13971222067502154,4214,0.13971222067502154,0,NA,NA,Divorced
CFG01,marital-status,30162,30162,0,21,0.00069624030236721708,21,0.00069624030236721708,0,NA,NA,Married-AF-spouse
CFG01,marital-status,30162,30162,0,14065,0.46631523108547179,14065,0.46631523108547179,0,NA,NA,Married-civ-spouse
CFG01,marital-status,30162,30162,0,370,0.01226709104170811,370,0.01226709104170811,0,NA,NA,Married-spouse-absent
CFG01,marital-status,30162,30162,0,9726,0.32245872289635968,9726,0.32245872289635968,0,NA,NA,Never-married
CFG01,marital-status,30162,30162,0,939,0.03113188780584842,939,0.03113188780584842,0,NA,NA,Separated
CFG01,marital-status,30162,30162,0,827,0.027418606193223262,827,0.027418606193223262,0,NA,NA,Widowed
CFG01,native-country,30162,30162,0,18,0.00059677740202904314,18,0.00059677740202904314,0,NA,NA,Cambodia
CFG01,native-country,30162,30162,0,107,0.0035475101120615343,107,0.0035475101120615343,0,NA,NA,Canada
CFG01,native-country,30162,30162,0,68,0.0022544924076652742,68,0.0022544924076652742,0,NA,NA,China
CFG01,native-country,30162,30162,0,56,0.0018566408063125787,56,0.0018566408063125787,0,NA,NA,Columbia
CFG01,native-country,30162,30162,0,92,0.0030501956103706649,92,0.0030501956103706649,0,NA,NA,Cuba
CFG01,native-country,30162,30162,0,67,0.0022213381075525496,67,0.0022213381075525496,0,NA,NA,Dominican-Republic
CFG01,native-country,30162,30162,0,27,0.00089516610304356476,27,0.00089516610304356476,0,NA,NA,Ecuador
CFG01,native-country,30162,30162,0,100,0.003315430011272462,100,0.003315430011272462,0,NA,NA,El-Salvador
CFG01,native-country,30162,30162,0,86,0.0028512698096943173,86,0.0028512698096943173,0,NA,NA,England
CFG01,native-country,30162,30162,0,27,0.00089516610304356476,27,0.00089516610304356476,0,NA,NA,France
CFG01,native-country,30162,30162,0,128,0.004243750414428751,128,0.004243750414428751,0,NA,NA,Germany
CFG01,native-country,30162,30162,0,29,0.00096147470326901402,29,0.00096147470326901402,0,NA,NA,Greece
CFG01,native-country,30162,30162,0,63,0.0020887209071016512,63,0.0020887209071016512,0,NA,NA,Guatemala
CFG01,native-country,30162,30162,0,42,0.0013924806047344342,42,0.0013924806047344342,0,NA,NA,Haiti
CFG01,native-country,30162,30162,0,1,3.3154300112724617e-05,1,3.3154300112724617e-05,0,NA,NA,Holand-Netherlands
CFG01,native-country,30162,30162,0,12,0.00039785160135269546,12,0.00039785160135269546,0,NA,NA,Honduras
CFG01,native-country,30162,30162,0,19,0.00062993170214176782,19,0.00062993170214176782,0,NA,NA,Hong
CFG01,native-country,30162,30162,0,13,0.00043100590146542009,13,0.00043100590146542009,0,NA,NA,Hungary
CFG01,native-country,30162,30162,0,100,0.003315430011272462,100,0.003315430011272462,0,NA,NA,India
CFG01,native-country,30162,30162,0,42,0.0013924806047344342,42,0.0013924806047344342,0,NA,NA,Iran
CFG01,native-country,30162,30162,0,24,0.00079570320270539092,24,0.00079570320270539092,0,NA,NA,Ireland
CFG01,native-country,30162,30162,0,68,0.0022544924076652742,68,0.0022544924076652742,0,NA,NA,Italy
CFG01,native-country,30162,30162,0,80,0.0026523440090179696,80,0.0026523440090179696,0,NA,NA,Jamaica
CFG01,native-country,30162,30162,0,59,0.0019561037066507525,59,0.0019561037066507525,0,NA,NA,Japan
CFG01,native-country,30162,30162,0,17,0.00056362310191631856,17,0.00056362310191631856,0,NA,NA,Laos
CFG01,native-country,30162,30162,0,610,0.020224123068762017,610,0.020224123068762017,0,NA,NA,Mexico
CFG01,native-country,30162,30162,0,33,0.0010940919037199124,33,0.0010940919037199124,0,NA,NA,Nicaragua
CFG01,native-country,30162,30162,0,14,0.00046416020157814467,14,0.00046416020157814467,0,NA,NA,Outlying-US(Guam-USVI-etc)
CFG01,native-country,30162,30162,0,30,0.00099462900338173859,30,0.00099462900338173859,0,NA,NA,Peru
CFG01,native-country,30162,30162,0,188,0.0062330084211922286,188,0.0062330084211922286,0,NA,NA,Philippines
CFG01,native-country,30162,30162,0,56,0.0018566408063125787,56,0.0018566408063125787,0,NA,NA,Poland
CFG01,native-country,30162,30162,0,34,0.0011272462038326371,34,0.0011272462038326371,0,NA,NA,Portugal
CFG01,native-country,30162,30162,0,109,0.0036138187122869837,109,0.0036138187122869837,0,NA,NA,Puerto-Rico
CFG01,native-country,30162,30162,0,11,0.00036469730123997083,11,0.00036469730123997083,0,NA,NA,Scotland
CFG01,native-country,30162,30162,0,71,0.0023539553080034479,71,0.0023539553080034479,0,NA,NA,South
CFG01,native-country,30162,30162,0,42,0.0013924806047344342,42,0.0013924806047344342,0,NA,NA,Taiwan
CFG01,native-country,30162,30162,0,17,0.00056362310191631856,17,0.00056362310191631856,0,NA,NA,Thailand
CFG01,native-country,30162,30162,0,18,0.00059677740202904314,18,0.00059677740202904314,0,NA,NA,Trinadad&Tobago
CFG01,native-country,30162,30162,0,27504,0.91187587030037798,27504,0.91187587030037798,0,NA,NA,United-States
CFG01,native-country,30162,30162,0,64,0.0021218752072143755,64,0.0021218752072143755,0,NA,NA,Vietnam
CFG01,native-country,30162,30162,0,16,0.00053046880180359387,16,0.00053046880180359387,0,NA,NA,Yugoslavia
CFG01,occupation,30162,30162,0,3721,0.12336715071944832,3721,0.12336715071944832,0,NA,NA,Adm-clerical
CFG01,occupation,30162,30162,0,9,0.00029838870101452157,9,0.00029838870101452157,0,NA,NA,Armed-Forces
CFG01,occupation,30162,30162,0,4030,0.13361182945428021,4030,0.13361182945428021,0,NA,NA,Craft-repair
CFG01,occupation,30162,30162,0,3992,0.13235196604999669,3992,0.13235196604999669,0,NA,NA,Exec-managerial
CFG01,occupation,30162,30162,0,989,0.032789602811484651,989,0.032789602811484651,0,NA,NA,Farming-fishing
CFG01,occupation,30162,30162,0,1350,0.04475830515217824,1350,0.04475830515217824,0,NA,NA,Handlers-cleaners
CFG01,occupation,30162,30162,0,1966,0.065181354021616608,1966,0.065181354021616608,0,NA,NA,Machine-op-inspct
CFG01,occupation,30162,30162,0,3212,0.10649161196207148,3212,0.10649161196207148,0,NA,NA,Other-service
CFG01,occupation,30162,30162,0,143,0.0047410649161196208,143,0.0047410649161196208,0,NA,NA,Priv-house-serv
CFG01,occupation,30162,30162,0,4038,0.13387706385518203,4038,0.13387706385518203,0,NA,NA,Prof-specialty
CFG01,occupation,30162,30162,0,644,0.021351369272594657,644,0.021351369272594657,0,NA,NA,Protective-serv
CFG01,occupation,30162,30162,0,3584,0.11882501160400503,3584,0.11882501160400503,0,NA,NA,Sales
CFG01,occupation,30162,30162,0,912,0.030236721702804854,912,0.030236721702804854,0,NA,NA,Tech-support
CFG01,occupation,30162,30162,0,1572,0.052118559777203102,1572,0.052118559777203102,0,NA,NA,Transport-moving
CFG01,race,30162,30162,0,286,0.0094821298322392417,286,0.0094821298322392417,0,NA,NA,Amer-Indian-Eskimo
CFG01,race,30162,30162,0,895,0.029673098600888535,895,0.029673098600888535,0,NA,NA,Asian-Pac-Islander
CFG01,race,30162,30162,0,2817,0.093395663417545252,2817,0.093395663417545252,0,NA,NA,Black
CFG01,race,30162,30162,0,231,0.007658643326039387,231,0.007658643326039387,0,NA,NA,Other
CFG01,race,30162,30162,0,25933,0.85979046482328758,25933,0.85979046482328758,0,NA,NA,White
CFG01,salary-class,30162,30162,0,22654,0.75107751475366358,22654,0.75107751475366358,0,NA,NA,<=50K
CFG01,salary-class,30162,30162,0,7508,0.24892248524633645,7508,0.24892248524633645,0,NA,NA,>50K
CFG01,sex,30162,30162,0,9782,0.32431536370267222,9782,0.32431536370267222,0,NA,NA,Female
CFG01,sex,30162,30162,0,20380,0.67568463629732778,20380,0.67568463629732778,0,NA,NA,Male
CFG01,workclass,30162,30162,0,943,0.03126450500629932,943,0.03126450500629932,0,NA,NA,Federal-gov
CFG01,workclass,30162,30162,0,2067,0.068529938333001791,2067,0.068529938333001791,0,NA,NA,Local-gov
CFG01,workclass,30162,30162,0,22286,0.73887673231218087,22286,0.73887673231218087,0,NA,NA,Private
CFG01,workclass,30162,30162,0,1074,0.03560771832106624,1074,0.03560771832106624,0,NA,NA,Self-emp-inc
CFG01,workclass,30162,30162,0,2499,0.082852595981698821,2499,0.082852595981698821,0,NA,NA,Self-emp-not-inc
CFG01,workclass,30162,30162,0,1279,0.042404349844174787,1279,0.042404349844174787,0,NA,NA,State-gov
CFG01,workclass,30162,30162,0,14,0.00046416020157814467,14,0.00046416020157814467,0,NA,NA,Without-pay
CFG02,age,30162,30162,0,328,0.010874610436973676,328,0.010874610436973676,0,NA,NA,17
CFG02,age,30162,30162,0,447,0.014819972150387906,447,0.014819972150387906,0,NA,NA,18
CFG02,age,30162,30162,0,594,0.019693654266958426,594,0.019693654266958426,0,NA,NA,19
CFG02,age,30162,30162,0,629,0.020854054770903786,629,0.020854054770903786,0,NA,NA,20
CFG02,age,30162,30162,0,621,0.020588820370001988,621,0.020588820370001988,0,NA,NA,21
CFG02,age,30162,30162,0,674,0.022345998275976393,674,0.022345998275976393,0,NA,NA,22
CFG02,age,30162,30162,0,824,0.027319143292885088,824,0.027319143292885088,0,NA,NA,23
CFG02,age,30162,30162,0,752,0.024932033684768914,752,0.024932033684768914,0,NA,NA,24
CFG02,age,30162,30162,0,799,0.026490285790066972,799,0.026490285790066972,0,NA,NA,25
CFG02,age,30162,30162,0,745,0.024699953583979844,745,0.024699953583979844,0,NA,NA,26
CFG02,age,30162,30162,0,789,0.026158742788939725,789,0.026158742788939725,0,NA,NA,27
CFG02,age,30162,30162,0,808,0.026788674491081493,808,0.026788674491081493,0,NA,NA,28
CFG02,age,30162,30162,0,774,0.025661428287248857,774,0.025661428287248857,0,NA,NA,29
CFG02,age,30162,30162,0,813,0.026954445991645117,813,0.026954445991645117,0,NA,NA,30
CFG02,age,30162,30162,0,851,0.028214309395928651,851,0.028214309395928651,0,NA,NA,31
CFG02,age,30162,30162,0,789,0.026158742788939725,789,0.026158742788939725,0,NA,NA,32
CFG02,age,30162,30162,0,837,0.027750149194350506,837,0.027750149194350506,0,NA,NA,33
CFG02,age,30162,30162,0,836,0.027716994894237783,836,0.027716994894237783,0,NA,NA,34
CFG02,age,30162,30162,0,828,0.027451760493335985,828,0.027451760493335985,0,NA,NA,35
CFG02,age,30162,30162,0,852,0.028247463696041378,852,0.028247463696041378,0,NA,NA,36
CFG02,age,30162,30162,0,828,0.027451760493335985,828,0.027451760493335985,0,NA,NA,37
CFG02,age,30162,30162,0,791,0.026225051389165175,791,0.026225051389165175,0,NA,NA,38
CFG02,age,30162,30162,0,786,0.026059279888601551,786,0.026059279888601551,0,NA,NA,39
CFG02,age,30162,30162,0,765,0.025363039586234336,765,0.025363039586234336,0,NA,NA,40
CFG02,age,30162,30162,0,769,0.025495656786685233,769,0.025495656786685233,0,NA,NA,41
CFG02,age,30162,30162,0,741,0.024567336383528943,741,0.024567336383528943,0,NA,NA,42
CFG02,age,30162,30162,0,743,0.024633644983754394,743,0.024633644983754394,0,NA,NA,43
CFG02,age,30162,30162,0,704,0.023340627279358133,704,0.023340627279358133,0,NA,NA,44
CFG02,age,30162,30162,0,706,0.023406935879583583,706,0.023406935879583583,0,NA,NA,45
CFG02,age,30162,30162,0,711,0.023572707380147204,711,0.023572707380147204,0,NA,NA,46
CFG02,age,30162,30162,0,683,0.022644386976990914,683,0.022644386976990914,0,NA,NA,47
CFG02,age,30162,30162,0,523,0.017339698958954975,523,0.017339698958954975,0,NA,NA,48
CFG02,age,30162,30162,0,555,0.018400636562562165,555,0.018400636562562165,0,NA,NA,49
CFG02,age,30162,30162,0,575,0.019063722564816657,575,0.019063722564816657,0,NA,NA,50
CFG02,age,30162,30162,0,571,0.01893110536436576,571,0.01893110536436576,0,NA,NA,51
CFG02,age,30162,30162,0,455,0.015085206551289702,455,0.015085206551289702,0,NA,NA,52
CFG02,age,30162,30162,0,448,0.014853126450500629,448,0.014853126450500629,0,NA,NA,53
CFG02,age,30162,30162,0,394,0.013062794244413501,394,0.013062794244413501,0,NA,NA,54
CFG02,age,30162,30162,0,386,0.012797559843511703,386,0.012797559843511703,0,NA,NA,55
CFG02,age,30162,30162,0,343,0.011371924938664544,343,0.011371924938664544,0,NA,NA,56
CFG02,age,30162,30162,0,337,0.011172999137988197,337,0.011172999137988197,0,NA,NA,57
CFG02,age,30162,30162,0,344,0.011405079238777269,344,0.011405079238777269,0,NA,NA,58
CFG02,age,30162,30162,0,332,0.011007227637424575,332,0.011007227637424575,0,NA,NA,59
CFG02,age,30162,30162,0,276,0.0091505868311119957,276,0.0091505868311119957,0,NA,NA,60
CFG02,age,30162,30162,0,259,0.0085869637291956773,259,0.0085869637291956773,0,NA,NA,61
CFG02,age,30162,30162,0,213,0.0070618659240103444,213,0.0070618659240103444,0,NA,NA,62
CFG02,age,30162,30162,0,186,0.0061666998209667792,186,0.0061666998209667792,0,NA,NA,63
CFG02,age,30162,30162,0,173,0.0057356939195013596,173,0.0057356939195013596,0,NA,NA,64
CFG02,age,30162,30162,0,136,0.0045089848153305485,136,0.0045089848153305485,0,NA,NA,65
CFG02,age,30162,30162,0,110,0.0036469730123997084,110,0.0036469730123997084,0,NA,NA,66
CFG02,age,30162,30162,0,111,0.0036801273125124326,111,0.0036801273125124326,0,NA,NA,67
CFG02,age,30162,30162,0,90,0.002983887010145216,90,0.002983887010145216,0,NA,NA,68
CFG02,age,30162,30162,0,80,0.0026523440090179696,80,0.0026523440090179696,0,NA,NA,69
CFG02,age,30162,30162,0,64,0.0021218752072143755,64,0.0021218752072143755,0,NA,NA,70
CFG02,age,30162,30162,0,54,0.0017903322060871295,54,0.0017903322060871295,0,NA,NA,71
CFG02,age,30162,30162,0,40,0.0013261720045089848,40,0.0013261720045089848,0,NA,NA,72
CFG02,age,30162,30162,0,49,0.0016245607055235063,49,0.0016245607055235063,0,NA,NA,73
CFG02,age,30162,30162,0,38,0.0012598634042835356,38,0.0012598634042835356,0,NA,NA,74
CFG02,age,30162,30162,0,34,0.0011272462038326371,34,0.0011272462038326371,0,NA,NA,75
CFG02,age,30162,30162,0,29,0.00096147470326901402,29,0.00096147470326901402,0,NA,NA,76
CFG02,age,30162,30162,0,20,0.0006630860022544924,20,0.0006630860022544924,0,NA,NA,77
CFG02,age,30162,30162,0,14,0.00046416020157814467,14,0.00046416020157814467,0,NA,NA,78
CFG02,age,30162,30162,0,15,0.0004973145016908693,15,0.0004973145016908693,0,NA,NA,79
CFG02,age,30162,30162,0,16,0.00053046880180359387,16,0.00053046880180359387,0,NA,NA,80
CFG02,age,30162,30162,0,13,0.00043100590146542009,13,0.00043100590146542009,0,NA,NA,81
CFG02,age,30162,30162,0,7,0.00023208010078907233,7,0.00023208010078907233,0,NA,NA,82
CFG02,age,30162,30162,0,5,0.0001657715005636231,5,0.0001657715005636231,0,NA,NA,83
CFG02,age,30162,30162,0,8,0.00026523440090179694,8,0.00026523440090179694,0,NA,NA,84
CFG02,age,30162,30162,0,3,9.9462900338173865e-05,3,9.9462900338173865e-05,0,NA,NA,85
CFG02,age,30162,30162,0,1,3.3154300112724617e-05,1,3.3154300112724617e-05,0,NA,NA,86
CFG02,age,30162,30162,0,3,9.9462900338173865e-05,3,9.9462900338173865e-05,0,NA,NA,88
CFG02,age,30162,30162,0,35,0.0011604005039453618,35,0.0011604005039453618,0,NA,NA,90
CFG02,education,30162,30162,0,820,0.027186526092434188,820,0.027186526092434188,0,NA,NA,10th
CFG02,education,30162,30162,0,1048,0.034745706518135404,1048,0.034745706518135404,0,NA,NA,11th
CFG02,education,30162,30162,0,377,0.012499171142497182,377,0.012499171142497182,0,NA,NA,12th
CFG02,education,30162,30162,0,151,0.0050062993170214174,151,0.0050062993170214174,0,NA,NA,1st-4th
CFG02,education,30162,30162,0,288,0.0095484384324646902,288,0.0095484384324646902,0,NA,NA,5th-6th
CFG02,education,30162,30162,0,557,0.018466945162787615,557,0.018466945162787615,0,NA,NA,7th-8th
CFG02,education,30162,30162,0,455,0.015085206551289702,455,0.015085206551289702,0,NA,NA,9th
CFG02,education,30162,30162,0,1008,0.03341953451362642,1008,0.03341953451362642,0,NA,NA,Assoc-acdm
CFG02,education,30162,30162,0,1307,0.043332670247331076,1307,0.043332670247331076,0,NA,NA,Assoc-voc
CFG02,education,30162,30162,0,5044,0.16723028976858298,5044,0.16723028976858298,0,NA,NA,Bachelors
CFG02,education,30162,30162,0,375,0.012432862542271732,375,0.012432862542271732,0,NA,NA,Doctorate
CFG02,education,30162,30162,0,9840,0.32623831310921025,9840,0.32623831310921025,0,NA,NA,HS-grad
CFG02,education,30162,30162,0,1627,0.053942046283402954,1627,0.053942046283402954,0,NA,NA,Masters
CFG02,education,30162,30162,0,45,0.001491943505072608,45,0.001491943505072608,0,NA,NA,Preschool
CFG02,education,30162,30162,0,542,0.017969630661096744,542,0.017969630661096744,0,NA,NA,Prof-school
CFG02,education,30162,30162,0,6678,0.22140441615277501,6678,0.22140441615277501,0,NA,NA,Some-college
CFG02,marital-status,30162,30162,0,4214,0.13971222067502154,4214,0.13971222067502154,0,NA,NA,Divorced
CFG02,marital-status,30162,30162,0,21,0.00069624030236721708,21,0.00069624030236721708,0,NA,NA,Married-AF-spouse
CFG02,marital-status,30162,30162,0,14065,0.46631523108547179,14065,0.46631523108547179,0,NA,NA,Married-civ-spouse
CFG02,marital-status,30162,30162,0,370,0.01226709104170811,370,0.01226709104170811,0,NA,NA,Married-spouse-absent
CFG02,marital-status,30162,30162,0,9726,0.32245872289635968,9726,0.32245872289635968,0,NA,NA,Never-married
CFG02,marital-status,30162,30162,0,939,0.03113188780584842,939,0.03113188780584842,0,NA,NA,Separated
CFG02,marital-status,30162,30162,0,827,0.027418606193223262,827,0.027418606193223262,0,NA,NA,Widowed
CFG02,native-country,30162,30162,0,18,0.00059677740202904314,18,0.00059677740202904314,0,NA,NA,Cambodia
CFG02,native-country,30162,30162,0,107,0.0035475101120615343,107,0.0035475101120615343,0,NA,NA,Canada
CFG02,native-country,30162,30162,0,68,0.0022544924076652742,68,0.0022544924076652742,0,NA,NA,China
CFG02,native-country,30162,30162,0,56,0.0018566408063125787,56,0.0018566408063125787,0,NA,NA,Columbia
CFG02,native-country,30162,30162,0,92,0.0030501956103706649,92,0.0030501956103706649,0,NA,NA,Cuba
CFG02,native-country,30162,30162,0,67,0.0022213381075525496,67,0.0022213381075525496,0,NA,NA,Dominican-Republic
CFG02,native-country,30162,30162,0,27,0.00089516610304356476,27,0.00089516610304356476,0,NA,NA,Ecuador
CFG02,native-country,30162,30162,0,100,0.003315430011272462,100,0.003315430011272462,0,NA,NA,El-Salvador
CFG02,native-country,30162,30162,0,86,0.0028512698096943173,86,0.0028512698096943173,0,NA,NA,England
CFG02,native-country,30162,30162,0,27,0.00089516610304356476,27,0.00089516610304356476,0,NA,NA,France
CFG02,native-country,30162,30162,0,128,0.004243750414428751,128,0.004243750414428751,0,NA,NA,Germany
CFG02,native-country,30162,30162,0,29,0.00096147470326901402,29,0.00096147470326901402,0,NA,NA,Greece
CFG02,native-country,30162,30162,0,63,0.0020887209071016512,63,0.0020887209071016512,0,NA,NA,Guatemala
CFG02,native-country,30162,30162,0,42,0.0013924806047344342,42,0.0013924806047344342,0,NA,NA,Haiti
CFG02,native-country,30162,30162,0,1,3.3154300112724617e-05,1,3.3154300112724617e-05,0,NA,NA,Holand-Netherlands
CFG02,native-country,30162,30162,0,12,0.00039785160135269546,12,0.00039785160135269546,0,NA,NA,Honduras
CFG02,native-country,30162,30162,0,19,0.00062993170214176782,19,0.00062993170214176782,0,NA,NA,Hong
CFG02,native-country,30162,30162,0,13,0.00043100590146542009,13,0.00043100590146542009,0,NA,NA,Hungary
CFG02,native-country,30162,30162,0,100,0.003315430011272462,100,0.003315430011272462,0,NA,NA,India
CFG02,native-country,30162,30162,0,42,0.0013924806047344342,42,0.0013924806047344342,0,NA,NA,Iran
CFG02,native-country,30162,30162,0,24,0.00079570320270539092,24,0.00079570320270539092,0,NA,NA,Ireland
CFG02,native-country,30162,30162,0,68,0.0022544924076652742,68,0.0022544924076652742,0,NA,NA,Italy
CFG02,native-country,30162,30162,0,80,0.0026523440090179696,80,0.0026523440090179696,0,NA,NA,Jamaica
CFG02,native-country,30162,30162,0,59,0.0019561037066507525,59,0.0019561037066507525,0,NA,NA,Japan
CFG02,native-country,30162,30162,0,17,0.00056362310191631856,17,0.00056362310191631856,0,NA,NA,Laos
CFG02,native-country,30162,30162,0,610,0.020224123068762017,610,0.020224123068762017,0,NA,NA,Mexico
CFG02,native-country,30162,30162,0,33,0.0010940919037199124,33,0.0010940919037199124,0,NA,NA,Nicaragua
CFG02,native-country,30162,30162,0,14,0.00046416020157814467,14,0.00046416020157814467,0,NA,NA,Outlying-US(Guam-USVI-etc)
CFG02,native-country,30162,30162,0,30,0.00099462900338173859,30,0.00099462900338173859,0,NA,NA,Peru
CFG02,native-country,30162,30162,0,188,0.0062330084211922286,188,0.0062330084211922286,0,NA,NA,Philippines
CFG02,native-country,30162,30162,0,56,0.0018566408063125787,56,0.0018566408063125787,0,NA,NA,Poland
CFG02,native-country,30162,30162,0,34,0.0011272462038326371,34,0.0011272462038326371,0,NA,NA,Portugal
CFG02,native-country,30162,30162,0,109,0.0036138187122869837,109,0.0036138187122869837,0,NA,NA,Puerto-Rico
CFG02,native-country,30162,30162,0,11,0.00036469730123997083,11,0.00036469730123997083,0,NA,NA,Scotland
CFG02,native-country,30162,30162,0,71,0.0023539553080034479,71,0.0023539553080034479,0,NA,NA,South
CFG02,native-country,30162,30162,0,42,0.0013924806047344342,42,0.0013924806047344342,0,NA,NA,Taiwan
CFG02,native-country,30162,30162,0,17,0.00056362310191631856,17,0.00056362310191631856,0,NA,NA,Thailand
CFG02,native-country,30162,30162,0,18,0.00059677740202904314,18,0.00059677740202904314,0,NA,NA,Trinadad&Tobago
CFG02,native-country,30162,30162,0,27504,0.91187587030037798,27504,0.91187587030037798,0,NA,NA,United-States
CFG02,native-country,30162,30162,0,64,0.0021218752072143755,64,0.0021218752072143755,0,NA,NA,Vietnam
CFG02,native-country,30162,30162,0,16,0.00053046880180359387,16,0.00053046880180359387,0,NA,NA,Yugoslavia
CFG02,occupation,30162,30162,0,3721,0.12336715071944832,3721,0.12336715071944832,0,NA,NA,Adm-clerical
CFG02,occupation,30162,30162,0,9,0.00029838870101452157,9,0.00029838870101452157,0,NA,NA,Armed-Forces
CFG02,occupation,30162,30162,0,4030,0.13361182945428021,4030,0.13361182945428021,0,NA,NA,Craft-repair
CFG02,occupation,30162,30162,0,3992,0.13235196604999669,3992,0.13235196604999669,0,NA,NA,Exec-managerial
CFG02,occupation,30162,30162,0,989,0.032789602811484651,989,0.032789602811484651,0,NA,NA,Farming-fishing
CFG02,occupation,30162,30162,0,1350,0.04475830515217824,1350,0.04475830515217824,0,NA,NA,Handlers-cleaners
CFG02,occupation,30162,30162,0,1966,0.065181354021616608,1966,0.065181354021616608,0,NA,NA,Machine-op-inspct
CFG02,occupation,30162,30162,0,3212,0.10649161196207148,3212,0.10649161196207148,0,NA,NA,Other-service
CFG02,occupation,30162,30162,0,143,0.0047410649161196208,143,0.0047410649161196208,0,NA,NA,Priv-house-serv
CFG02,occupation,30162,30162,0,4038,0.13387706385518203,4038,0.13387706385518203,0,NA,NA,Prof-specialty
CFG02,occupation,30162,30162,0,644,0.021351369272594657,644,0.021351369272594657,0,NA,NA,Protective-serv
CFG02,occupation,30162,30162,0,3584,0.11882501160400503,3584,0.11882501160400503,0,NA,NA,Sales
CFG02,occupation,30162,30162,0,912,0.030236721702804854,912,0.030236721702804854,0,NA,NA,Tech-support
CFG02,occupation,30162,30162,0,1572,0.052118559777203102,1572,0.052118559777203102,0,NA,NA,Transport-moving
CFG02,race,30162,30162,0,286,0.0094821298322392417,286,0.0094821298322392417,0,NA,NA,Amer-Indian-Eskimo
CFG02,race,30162,30162,0,895,0.029673098600888535,895,0.029673098600888535,0,NA,NA,Asian-Pac-Islander
CFG02,race,30162,30162,0,2817,0.093395663417545252,2817,0.093395663417545252,0,NA,NA,Black
CFG02,race,30162,30162,0,231,0.007658643326039387,231,0.007658643326039387,0,NA,NA,Other
CFG02,race,30162,30162,0,25933,0.85979046482328758,25933,0.85979046482328758,0,NA,NA,White
CFG02,salary-class,30162,30162,0,22654,0.75107751475366358,22654,0.75107751475366358,0,NA,NA,<=50K
CFG02,salary-class,30162,30162,0,7508,0.24892248524633645,7508,0.24892248524633645,0,NA,NA,>50K
CFG02,sex,30162,30162,0,9782,0.32431536370267222,9782,0.32431536370267222,0,NA,NA,Female
CFG02,sex,30162,30162,0,20380,0.67568463629732778,20380,0.67568463629732778,0,NA,NA,Male
CFG02,workclass,30162,30162,0,943,0.03126450500629932,943,0.03126450500629932,0,NA,NA,Federal-gov
CFG02,workclass,30162,30162,0,2067,0.068529938333001791,2067,0.068529938333001791,0,NA,NA,Local-gov
CFG02,workclass,30162,30162,0,22286,0.73887673231218087,22286,0.73887673231218087,0,NA,NA,Private
CFG02,workclass,30162,30162,0,1074,0.03560771832106624,1074,0.03560771832106624,0,NA,NA,Self-emp-inc
CFG02,workclass,30162,30162,0,2499,0.082852595981698821,2499,0.082852595981698821,0,NA,NA,Self-emp-not-inc
CFG02,workclass,30162,30162,0,1279,0.042404349844174787,1279,0.042404349844174787,0,NA,NA,State-gov
CFG02,workclass,30162,30162,0,14,0.00046416020157814467,14,0.00046416020157814467,0,NA,NA,Without-pay
CFG03,age,30162,30162,0,328,0.010874610436973676,328,0.010874610436973676,0,NA,NA,17
CFG03,age,30162,30162,0,447,0.014819972150387906,447,0.014819972150387906,0,NA,NA,18
CFG03,age,30162,30162,0,594,0.019693654266958426,594,0.019693654266958426,0,NA,NA,19
CFG03,age,30162,30162,0,629,0.020854054770903786,629,0.020854054770903786,0,NA,NA,20
CFG03,age,30162,30162,0,621,0.020588820370001988,621,0.020588820370001988,0,NA,NA,21
CFG03,age,30162,30162,0,674,0.022345998275976393,674,0.022345998275976393,0,NA,NA,22
CFG03,age,30162,30162,0,824,0.027319143292885088,824,0.027319143292885088,0,NA,NA,23
CFG03,age,30162,30162,0,752,0.024932033684768914,752,0.024932033684768914,0,NA,NA,24
CFG03,age,30162,30162,0,799,0.026490285790066972,799,0.026490285790066972,0,NA,NA,25
CFG03,age,30162,30162,0,745,0.024699953583979844,745,0.024699953583979844,0,NA,NA,26
CFG03,age,30162,30162,0,789,0.026158742788939725,789,0.026158742788939725,0,NA,NA,27
CFG03,age,30162,30162,0,808,0.026788674491081493,808,0.026788674491081493,0,NA,NA,28
CFG03,age,30162,30162,0,774,0.025661428287248857,774,0.025661428287248857,0,NA,NA,29
CFG03,age,30162,30162,0,813,0.026954445991645117,813,0.026954445991645117,0,NA,NA,30
CFG03,age,30162,30162,0,851,0.028214309395928651,851,0.028214309395928651,0,NA,NA,31
CFG03,age,30162,30162,0,789,0.026158742788939725,789,0.026158742788939725,0,NA,NA,32
CFG03,age,30162,30162,0,837,0.027750149194350506,837,0.027750149194350506,0,NA,NA,33
CFG03,age,30162,30162,0,836,0.027716994894237783,836,0.027716994894237783,0,NA,NA,34
CFG03,age,30162,30162,0,828,0.027451760493335985,828,0.027451760493335985,0,NA,NA,35
CFG03,age,30162,30162,0,852,0.028247463696041378,852,0.028247463696041378,0,NA,NA,36
CFG03,age,30162,30162,0,828,0.027451760493335985,828,0.027451760493335985,0,NA,NA,37
CFG03,age,30162,30162,0,791,0.026225051389165175,791,0.026225051389165175,0,NA,NA,38
CFG03,age,30162,30162,0,786,0.026059279888601551,786,0.026059279888601551,0,NA,NA,39
CFG03,age,30162,30162,0,765,0.025363039586234336,765,0.025363039586234336,0,NA,NA,40
CFG03,age,30162,30162,0,769,0.025495656786685233,769,0.025495656786685233,0,NA,NA,41
CFG03,age,30162,30162,0,741,0.024567336383528943,741,0.024567336383528943,0,NA,NA,42
CFG03,age,30162,30162,0,743,0.024633644983754394,743,0.024633644983754394,0,NA,NA,43
CFG03,age,30162,30162,0,704,0.023340627279358133,704,0.023340627279358133,0,NA,NA,44
CFG03,age,30162,30162,0,706,0.023406935879583583,706,0.023406935879583583,0,NA,NA,45
CFG03,age,30162,30162,0,711,0.023572707380147204,711,0.023572707380147204,0,NA,NA,46
CFG03,age,30162,30162,0,683,0.022644386976990914,683,0.022644386976990914,0,NA,NA,47
CFG03,age,30162,30162,0,523,0.017339698958954975,523,0.017339698958954975,0,NA,NA,48
CFG03,age,30162,30162,0,555,0.018400636562562165,555,0.018400636562562165,0,NA,NA,49
CFG03,age,30162,30162,0,575,0.019063722564816657,575,0.019063722564816657,0,NA,NA,50
CFG03,age,30162,30162,0,571,0.01893110536436576,571,0.01893110536436576,0,NA,NA,51
CFG03,age,30162,30162,0,455,0.015085206551289702,455,0.015085206551289702,0,NA,NA,52
CFG03,age,30162,30162,0,448,0.014853126450500629,448,0.014853126450500629,0,NA,NA,53
CFG03,age,30162,30162,0,394,0.013062794244413501,394,0.013062794244413501,0,NA,NA,54
CFG03,age,30162,30162,0,386,0.012797559843511703,386,0.012797559843511703,0,NA,NA,55
CFG03,age,30162,30162,0,343,0.011371924938664544,343,0.011371924938664544,0,NA,NA,56
CFG03,age,30162,30162,0,337,0.011172999137988197,337,0.011172999137988197,0,NA,NA,57
CFG03,age,30162,30162,0,344,0.011405079238777269,344,0.011405079238777269,0,NA,NA,58
CFG03,age,30162,30162,0,332,0.011007227637424575,332,0.011007227637424575,0,NA,NA,59
CFG03,age,30162,30162,0,276,0.0091505868311119957,276,0.0091505868311119957,0,NA,NA,60
CFG03,age,30162,30162,0,259,0.0085869637291956773,259,0.0085869637291956773,0,NA,NA,61
CFG03,age,30162,30162,0,213,0.0070618659240103444,213,0.0070618659240103444,0,NA,NA,62
CFG03,age,30162,30162,0,186,0.0061666998209667792,186,0.0061666998209667792,0,NA,NA,63
CFG03,age,30162,30162,0,173,0.0057356939195013596,173,0.0057356939195013596,0,NA,NA,64
CFG03,age,30162,30162,0,136,0.0045089848153305485,136,0.0045089848153305485,0,NA,NA,65
CFG03,age,30162,30162,0,110,0.0036469730123997084,110,0.0036469730123997084,0,NA,NA,66
CFG03,age,30162,30162,0,111,0.0036801273125124326,111,0.0036801273125124326,0,NA,NA,67
CFG03,age,30162,30162,0,90,0.002983887010145216,90,0.002983887010145216,0,NA,NA,68
CFG03,age,30162,30162,0,80,0.0026523440090179696,80,0.0026523440090179696,0,NA,NA,69
CFG03,age,30162,30162,0,64,0.0021218752072143755,64,0.0021218752072143755,0,NA,NA,70
CFG03,age,30162,30162,0,54,0.0017903322060871295,54,0.0017903322060871295,0,NA,NA,71
CFG03,age,30162,30162,0,40,0.0013261720045089848,40,0.0013261720045089848,0,NA,NA,72
CFG03,age,30162,30162,0,49,0.0016245607055235063,49,0.0016245607055235063,0,NA,NA,73
CFG03,age,30162,30162,0,38,0.0012598634042835356,38,0.0012598634042835356,0,NA,NA,74
CFG03,age,30162,30162,0,34,0.0011272462038326371,34,0.0011272462038326371,0,NA,NA,75
CFG03,age,30162,30162,0,29,0.00096147470326901402,29,0.00096147470326901402,0,NA,NA,76
CFG03,age,30162,30162,0,20,0.0006630860022544924,20,0.0006630860022544924,0,NA,NA,77
CFG03,age,30162,30162,0,14,0.00046416020157814467,14,0.00046416020157814467,0,NA,NA,78
CFG03,age,30162,30162,0,15,0.0004973145016908693,15,0.0004973145016908693,0,NA,NA,79
CFG03,age,30162,30162,0,16,0.00053046880180359387,16,0.00053046880180359387,0,NA,NA,80
CFG03,age,30162,30162,0,13,0.00043100590146542009,13,0.00043100590146542009,0,NA,NA,81
CFG03,age,30162,30162,0,7,0.00023208010078907233,7,0.00023208010078907233,0,NA,NA,82
CFG03,age,30162,30162,0,5,0.0001657715005636231,5,0.0001657715005636231,0,NA,NA,83
CFG03,age,30162,30162,0,8,0.00026523440090179694,8,0.00026523440090179694,0,NA,NA,84
CFG03,age,30162,30162,0,3,9.9462900338173865e-05,3,9.9462900338173865e-05,0,NA,NA,85
CFG03,age,30162,30162,0,1,3.3154300112724617e-05,1,3.3154300112724617e-05,0,NA,NA,86
CFG03,age,30162,30162,0,3,9.9462900338173865e-05,3,9.9462900338173865e-05,0,NA,NA,88
CFG03,age,30162,30162,0,35,0.0011604005039453618,35,0.0011604005039453618,0,NA,NA,90
CFG03,education,30162,30162,0,820,0.027186526092434188,820,0.027186526092434188,0,NA,NA,10th
CFG03,education,30162,30162,0,1048,0.034745706518135404,1048,0.034745706518135404,0,NA,NA,11th
CFG03,education,30162,30162,0,377,0.012499171142497182,377,0.012499171142497182,0,NA,NA,12th
CFG03,education,30162,30162,0,151,0.0050062993170214174,151,0.0050062993170214174,0,NA,NA,1st-4th
CFG03,education,30162,30162,0,288,0.0095484384324646902,288,0.0095484384324646902,0,NA,NA,5th-6th
CFG03,education,30162,30162,0,557,0.018466945162787615,557,0.018466945162787615,0,NA,NA,7th-8th
CFG03,education,30162,30162,0,455,0.015085206551289702,455,0.015085206551289702,0,NA,NA,9th
CFG03,education,30162,30162,0,1008,0.03341953451362642,1008,0.03341953451362642,0,NA,NA,Assoc-acdm
CFG03,education,30162,30162,0,1307,0.043332670247331076,1307,0.043332670247331076,0,NA,NA,Assoc-voc
CFG03,education,30162,30162,0,5044,0.16723028976858298,5044,0.16723028976858298,0,NA,NA,Bachelors
CFG03,education,30162,30162,0,375,0.012432862542271732,375,0.012432862542271732,0,NA,NA,Doctorate
CFG03,education,30162,30162,0,9840,0.32623831310921025,9840,0.32623831310921025,0,NA,NA,HS-grad
CFG03,education,30162,30162,0,1627,0.053942046283402954,1627,0.053942046283402954,0,NA,NA,Masters
CFG03,education,30162,30162,0,45,0.001491943505072608,45,0.001491943505072608,0,NA,NA,Preschool
CFG03,education,30162,30162,0,542,0.017969630661096744,542,0.017969630661096744,0,NA,NA,Prof-school
CFG03,education,30162,30162,0,6678,0.22140441615277501,6678,0.22140441615277501,0,NA,NA,Some-college
CFG03,marital-status,30162,30162,0,4214,0.13971222067502154,4214,0.13971222067502154,0,NA,NA,Divorced
CFG03,marital-status,30162,30162,0,21,0.00069624030236721708,21,0.00069624030236721708,0,NA,NA,Married-AF-spouse
CFG03,marital-status,30162,30162,0,14065,0.46631523108547179,14065,0.46631523108547179,0,NA,NA,Married-civ-spouse
CFG03,marital-status,30162,30162,0,370,0.01226709104170811,370,0.01226709104170811,0,NA,NA,Married-spouse-absent
CFG03,marital-status,30162,30162,0,9726,0.32245872289635968,9726,0.32245872289635968,0,NA,NA,Never-married
CFG03,marital-status,30162,30162,0,939,0.03113188780584842,939,0.03113188780584842,0,NA,NA,Separated
CFG03,marital-status,30162,30162,0,827,0.027418606193223262,827,0.027418606193223262,0,NA,NA,Widowed
CFG03,native-country,30162,30162,0,18,0.00059677740202904314,18,0.00059677740202904314,0,NA,NA,Cambodia
CFG03,native-country,30162,30162,0,107,0.0035475101120615343,107,0.0035475101120615343,0,NA,NA,Canada
CFG03,native-country,30162,30162,0,68,0.0022544924076652742,68,0.0022544924076652742,0,NA,NA,China
CFG03,native-country,30162,30162,0,56,0.0018566408063125787,56,0.0018566408063125787,0,NA,NA,Columbia
CFG03,native-country,30162,30162,0,92,0.0030501956103706649,92,0.0030501956103706649,0,NA,NA,Cuba
CFG03,native-country,30162,30162,0,67,0.0022213381075525496,67,0.0022213381075525496,0,NA,NA,Dominican-Republic
CFG03,native-country,30162,30162,0,27,0.00089516610304356476,27,0.00089516610304356476,0,NA,NA,Ecuador
CFG03,native-country,30162,30162,0,100,0.003315430011272462,100,0.003315430011272462,0,NA,NA,El-Salvador
CFG03,native-country,30162,30162,0,86,0.0028512698096943173,86,0.0028512698096943173,0,NA,NA,England
CFG03,native-country,30162,30162,0,27,0.00089516610304356476,27,0.00089516610304356476,0,NA,NA,France
CFG03,native-country,30162,30162,0,128,0.004243750414428751,128,0.004243750414428751,0,NA,NA,Germany
CFG03,native-country,30162,30162,0,29,0.00096147470326901402,29,0.00096147470326901402,0,NA,NA,Greece
CFG03,native-country,30162,30162,0,63,0.0020887209071016512,63,0.0020887209071016512,0,NA,NA,Guatemala
CFG03,native-country,30162,30162,0,42,0.0013924806047344342,42,0.0013924806047344342,0,NA,NA,Haiti
CFG03,native-country,30162,30162,0,1,3.3154300112724617e-05,1,3.3154300112724617e-05,0,NA,NA,Holand-Netherlands
CFG03,native-country,30162,30162,0,12,0.00039785160135269546,12,0.00039785160135269546,0,NA,NA,Honduras
CFG03,native-country,30162,30162,0,19,0.00062993170214176782,19,0.00062993170214176782,0,NA,NA,Hong
CFG03,native-country,30162,30162,0,13,0.00043100590146542009,13,0.00043100590146542009,0,NA,NA,Hungary
CFG03,native-country,30162,30162,0,100,0.003315430011272462,100,0.003315430011272462,0,NA,NA,India
CFG03,native-country,30162,30162,0,42,0.0013924806047344342,42,0.0013924806047344342,0,NA,NA,Iran
CFG03,native-country,30162,30162,0,24,0.00079570320270539092,24,0.00079570320270539092,0,NA,NA,Ireland
CFG03,native-country,30162,30162,0,68,0.0022544924076652742,68,0.0022544924076652742,0,NA,NA,Italy
CFG03,native-country,30162,30162,0,80,0.0026523440090179696,80,0.0026523440090179696,0,NA,NA,Jamaica
CFG03,native-country,30162,30162,0,59,0.0019561037066507525,59,0.0019561037066507525,0,NA,NA,Japan
CFG03,native-country,30162,30162,0,17,0.00056362310191631856,17,0.00056362310191631856,0,NA,NA,Laos
CFG03,native-country,30162,30162,0,610,0.020224123068762017,610,0.020224123068762017,0,NA,NA,Mexico
CFG03,native-country,30162,30162,0,33,0.0010940919037199124,33,0.0010940919037199124,0,NA,NA,Nicaragua
CFG03,native-country,30162,30162,0,14,0.00046416020157814467,14,0.00046416020157814467,0,NA,NA,Outlying-US(Guam-USVI-etc)
CFG03,native-country,30162,30162,0,30,0.00099462900338173859,30,0.00099462900338173859,0,NA,NA,Peru
CFG03,native-country,30162,30162,0,188,0.0062330084211922286,188,0.0062330084211922286,0,NA,NA,Philippines
CFG03,native-country,30162,30162,0,56,0.0018566408063125787,56,0.0018566408063125787,0,NA,NA,Poland
CFG03,native-country,30162,30162,0,34,0.0011272462038326371,34,0.0011272462038326371,0,NA,NA,Portugal
CFG03,native-country,30162,30162,0,109,0.0036138187122869837,109,0.0036138187122869837,0,NA,NA,Puerto-Rico
CFG03,native-country,30162,30162,0,11,0.00036469730123997083,11,0.00036469730123997083,0,NA,NA,Scotland
CFG03,native-country,30162,30162,0,71,0.0023539553080034479,71,0.0023539553080034479,0,NA,NA,South
CFG03,native-country,30162,30162,0,42,0.0013924806047344342,42,0.0013924806047344342,0,NA,NA,Taiwan
CFG03,native-country,30162,30162,0,17,0.00056362310191631856,17,0.00056362310191631856,0,NA,NA,Thailand
CFG03,native-country,30162,30162,0,18,0.00059677740202904314,18,0.00059677740202904314,0,NA,NA,Trinadad&Tobago
CFG03,native-country,30162,30162,0,27504,0.91187587030037798,27504,0.91187587030037798,0,NA,NA,United-States
CFG03,native-country,30162,30162,0,64,0.0021218752072143755,64,0.0021218752072143755,0,NA,NA,Vietnam
CFG03,native-country,30162,30162,0,16,0.00053046880180359387,16,0.00053046880180359387,0,NA,NA,Yugoslavia
CFG03,occupation,30162,30162,0,3721,0.12336715071944832,3721,0.12336715071944832,0,NA,NA,Adm-clerical
CFG03,occupation,30162,30162,0,9,0.00029838870101452157,9,0.00029838870101452157,0,NA,NA,Armed-Forces
CFG03,occupation,30162,30162,0,4030,0.13361182945428021,4030,0.13361182945428021,0,NA,NA,Craft-repair
CFG03,occupation,30162,30162,0,3992,0.13235196604999669,3992,0.13235196604999669,0,NA,NA,Exec-managerial
CFG03,occupation,30162,30162,0,989,0.032789602811484651,989,0.032789602811484651,0,NA,NA,Farming-fishing
CFG03,occupation,30162,30162,0,1350,0.04475830515217824,1350,0.04475830515217824,0,NA,NA,Handlers-cleaners
CFG03,occupation,30162,30162,0,1966,0.065181354021616608,1966,0.065181354021616608,0,NA,NA,Machine-op-inspct
CFG03,occupation,30162,30162,0,3212,0.10649161196207148,3212,0.10649161196207148,0,NA,NA,Other-service
CFG03,occupation,30162,30162,0,143,0.0047410649161196208,143,0.0047410649161196208,0,NA,NA,Priv-house-serv
CFG03,occupation,30162,30162,0,4038,0.13387706385518203,4038,0.13387706385518203,0,NA,NA,Prof-specialty
CFG03,occupation,30162,30162,0,644,0.021351369272594657,644,0.021351369272594657,0,NA,NA,Protective-serv
CFG03,occupation,30162,30162,0,3584,0.11882501160400503,3584,0.11882501160400503,0,NA,NA,Sales
CFG03,occupation,30162,30162,0,912,0.030236721702804854,912,0.030236721702804854,0,NA,NA,Tech-support
CFG03,occupation,30162,30162,0,1572,0.052118559777203102,1572,0.052118559777203102,0,NA,NA,Transport-moving
CFG03,race,30162,30162,0,286,0.0094821298322392417,286,0.0094821298322392417,0,NA,NA,Amer-Indian-Eskimo
CFG03,race,30162,30162,0,895,0.029673098600888535,895,0.029673098600888535,0,NA,NA,Asian-Pac-Islander
CFG03,race,30162,30162,0,2817,0.093395663417545252,2817,0.093395663417545252,0,NA,NA,Black
CFG03,race,30162,30162,0,231,0.007658643326039387,231,0.007658643326039387,0,NA,NA,Other
CFG03,race,30162,30162,0,25933,0.85979046482328758,25933,0.85979046482328758,0,NA,NA,White
CFG03,salary-class,30162,30162,0,22654,0.75107751475366358,22654,0.75107751475366358,0,NA,NA,<=50K
CFG03,salary-class,30162,30162,0,7508,0.24892248524633645,7508,0.24892248524633645,0,NA,NA,>50K
CFG03,sex,30162,30162,0,9782,0.32431536370267222,9782,0.32431536370267222,0,NA,NA,Female
CFG03,sex,30162,30162,0,20380,0.67568463629732778,20380,0.67568463629732778,0,NA,NA,Male
CFG03,workclass,30162,30162,0,943,0.03126450500629932,943,0.03126450500629932,0,NA,NA,Federal-gov
CFG03,workclass,30162,30162,0,2067,0.068529938333001791,2067,0.068529938333001791,0,NA,NA,Local-gov
CFG03,workclass,30162,30162,0,22286,0.73887673231218087,22286,0.73887673231218087,0,NA,NA,Private
CFG03,workclass,30162,30162,0,1074,0.03560771832106624,1074,0.03560771832106624,0,NA,NA,Self-emp-inc
CFG03,workclass,30162,30162,0,2499,0.082852595981698821,2499,0.082852595981698821,0,NA,NA,Self-emp-not-inc
CFG03,workclass,30162,30162,0,1279,0.042404349844174787,1279,0.042404349844174787,0,NA,NA,State-gov
CFG03,workclass,30162,30162,0,14,0.00046416020157814467,14,0.00046416020157814467,0,NA,NA,Without-pay
CFG04,age,30162,30162,0,328,0.010874610436973676,328,0.010874610436973676,0,NA,NA,17
CFG04,age,30162,30162,0,447,0.014819972150387906,447,0.014819972150387906,0,NA,NA,18
CFG04,age,30162,30162,0,594,0.019693654266958426,594,0.019693654266958426,0,NA,NA,19
CFG04,age,30162,30162,0,629,0.020854054770903786,629,0.020854054770903786,0,NA,NA,20
CFG04,age,30162,30162,0,621,0.020588820370001988,621,0.020588820370001988,0,NA,NA,21
CFG04,age,30162,30162,0,674,0.022345998275976393,674,0.022345998275976393,0,NA,NA,22
CFG04,age,30162,30162,0,824,0.027319143292885088,824,0.027319143292885088,0,NA,NA,23
CFG04,age,30162,30162,0,752,0.024932033684768914,752,0.024932033684768914,0,NA,NA,24
CFG04,age,30162,30162,0,799,0.026490285790066972,799,0.026490285790066972,0,NA,NA,25
CFG04,age,30162,30162,0,745,0.024699953583979844,745,0.024699953583979844,0,NA,NA,26
CFG04,age,30162,30162,0,789,0.026158742788939725,789,0.026158742788939725,0,NA,NA,27
CFG04,age,30162,30162,0,808,0.026788674491081493,808,0.026788674491081493,0,NA,NA,28
CFG04,age,30162,30162,0,774,0.025661428287248857,774,0.025661428287248857,0,NA,NA,29
CFG04,age,30162,30162,0,813,0.026954445991645117,813,0.026954445991645117,0,NA,NA,30
CFG04,age,30162,30162,0,851,0.028214309395928651,851,0.028214309395928651,0,NA,NA,31
CFG04,age,30162,30162,0,789,0.026158742788939725,789,0.026158742788939725,0,NA,NA,32
CFG04,age,30162,30162,0,837,0.027750149194350506,837,0.027750149194350506,0,NA,NA,33
CFG04,age,30162,30162,0,836,0.027716994894237783,836,0.027716994894237783,0,NA,NA,34
CFG04,age,30162,30162,0,828,0.027451760493335985,828,0.027451760493335985,0,NA,NA,35
CFG04,age,30162,30162,0,852,0.028247463696041378,852,0.028247463696041378,0,NA,NA,36
CFG04,age,30162,30162,0,828,0.027451760493335985,828,0.027451760493335985,0,NA,NA,37
CFG04,age,30162,30162,0,791,0.026225051389165175,791,0.026225051389165175,0,NA,NA,38
CFG04,age,30162,30162,0,786,0.026059279888601551,786,0.026059279888601551,0,NA,NA,39
CFG04,age,30162,30162,0,765,0.025363039586234336,765,0.025363039586234336,0,NA,NA,40
CFG04,age,30162,30162,0,769,0.025495656786685233,769,0.025495656786685233,0,NA,NA,41
CFG04,age,30162,30162,0,741,0.024567336383528943,741,0.024567336383528943,0,NA,NA,42
CFG04,age,30162,30162,0,743,0.024633644983754394,743,0.024633644983754394,0,NA,NA,43
CFG04,age,30162,30162,0,704,0.023340627279358133,704,0.023340627279358133,0,NA,NA,44
CFG04,age,30162,30162,0,706,0.023406935879583583,706,0.023406935879583583,0,NA,NA,45
CFG04,age,30162,30162,0,711,0.023572707380147204,711,0.023572707380147204,0,NA,NA,46
CFG04,age,30162,30162,0,683,0.022644386976990914,683,0.022644386976990914,0,NA,NA,47
CFG04,age,30162,30162,0,523,0.017339698958954975,523,0.017339698958954975,0,NA,NA,48
CFG04,age,30162,30162,0,555,0.018400636562562165,555,0.018400636562562165,0,NA,NA,49
CFG04,age,30162,30162,0,575,0.019063722564816657,575,0.019063722564816657,0,NA,NA,50
CFG04,age,30162,30162,0,571,0.01893110536436576,571,0.01893110536436576,0,NA,NA,51
CFG04,age,30162,30162,0,455,0.015085206551289702,455,0.015085206551289702,0,NA,NA,52
CFG04,age,30162,30162,0,448,0.014853126450500629,448,0.014853126450500629,0,NA,NA,53
CFG04,age,30162,30162,0,394,0.013062794244413501,394,0.013062794244413501,0,NA,NA,54
CFG04,age,30162,30162,0,386,0.012797559843511703,386,0.012797559843511703,0,NA,NA,55
CFG04,age,30162,30162,0,343,0.011371924938664544,343,0.011371924938664544,0,NA,NA,56
CFG04,age,30162,30162,0,337,0.011172999137988197,337,0.011172999137988197,0,NA,NA,57
CFG04,age,30162,30162,0,344,0.011405079238777269,344,0.011405079238777269,0,NA,NA,58
CFG04,age,30162,30162,0,332,0.011007227637424575,332,0.011007227637424575,0,NA,NA,59
CFG04,age,30162,30162,0,276,0.0091505868311119957,276,0.0091505868311119957,0,NA,NA,60
CFG04,age,30162,30162,0,259,0.0085869637291956773,259,0.0085869637291956773,0,NA,NA,61
CFG04,age,30162,30162,0,213,0.0070618659240103444,213,0.0070618659240103444,0,NA,NA,62
CFG04,age,30162,30162,0,186,0.0061666998209667792,186,0.0061666998209667792,0,NA,NA,63
CFG04,age,30162,30162,0,173,0.0057356939195013596,173,0.0057356939195013596,0,NA,NA,64
CFG04,age,30162,30162,0,136,0.0045089848153305485,136,0.0045089848153305485,0,NA,NA,65
CFG04,age,30162,30162,0,110,0.0036469730123997084,110,0.0036469730123997084,0,NA,NA,66
CFG04,age,30162,30162,0,111,0.0036801273125124326,111,0.0036801273125124326,0,NA,NA,67
CFG04,age,30162,30162,0,90,0.002983887010145216,90,0.002983887010145216,0,NA,NA,68
CFG04,age,30162,30162,0,80,0.0026523440090179696,80,0.0026523440090179696,0,NA,NA,69
CFG04,age,30162,30162,0,64,0.0021218752072143755,64,0.0021218752072143755,0,NA,NA,70
CFG04,age,30162,30162,0,54,0.0017903322060871295,54,0.0017903322060871295,0,NA,NA,71
CFG04,age,30162,30162,0,40,0.0013261720045089848,40,0.0013261720045089848,0,NA,NA,72
CFG04,age,30162,30162,0,49,0.0016245607055235063,49,0.0016245607055235063,0,NA,NA,73
CFG04,age,30162,30162,0,38,0.0012598634042835356,38,0.0012598634042835356,0,NA,NA,74
CFG04,age,30162,30162,0,34,0.0011272462038326371,34,0.0011272462038326371,0,NA,NA,75
CFG04,age,30162,30162,0,29,0.00096147470326901402,29,0.00096147470326901402,0,NA,NA,76
CFG04,age,30162,30162,0,20,0.0006630860022544924,20,0.0006630860022544924,0,NA,NA,77
CFG04,age,30162,30162,0,14,0.00046416020157814467,14,0.00046416020157814467,0,NA,NA,78
CFG04,age,30162,30162,0,15,0.0004973145016908693,15,0.0004973145016908693,0,NA,NA,79
CFG04,age,30162,30162,0,16,0.00053046880180359387,16,0.00053046880180359387,0,NA,NA,80
CFG04,age,30162,30162,0,13,0.00043100590146542009,13,0.00043100590146542009,0,NA,NA,81
CFG04,age,30162,30162,0,7,0.00023208010078907233,7,0.00023208010078907233,0,NA,NA,82
CFG04,age,30162,30162,0,5,0.0001657715005636231,5,0.0001657715005636231,0,NA,NA,83
CFG04,age,30162,30162,0,8,0.00026523440090179694,8,0.00026523440090179694,0,NA,NA,84
CFG04,age,30162,30162,0,3,9.9462900338173865e-05,3,9.9462900338173865e-05,0,NA,NA,85
CFG04,age,30162,30162,0,1,3.3154300112724617e-05,1,3.3154300112724617e-05,0,NA,NA,86
CFG04,age,30162,30162,0,3,9.9462900338173865e-05,3,9.9462900338173865e-05,0,NA,NA,88
CFG04,age,30162,30162,0,35,0.0011604005039453618,35,0.0011604005039453618,0,NA,NA,90
CFG04,education,30162,30162,0,820,0.027186526092434188,820,0.027186526092434188,0,NA,NA,10th
CFG04,education,30162,30162,0,1048,0.034745706518135404,1048,0.034745706518135404,0,NA,NA,11th
CFG04,education,30162,30162,0,377,0.012499171142497182,377,0.012499171142497182,0,NA,NA,12th
CFG04,education,30162,30162,0,151,0.0050062993170214174,151,0.0050062993170214174,0,NA,NA,1st-4th
CFG04,education,30162,30162,0,288,0.0095484384324646902,288,0.0095484384324646902,0,NA,NA,5th-6th
CFG04,education,30162,30162,0,557,0.018466945162787615,557,0.018466945162787615,0,NA,NA,7th-8th
CFG04,education,30162,30162,0,455,0.015085206551289702,455,0.015085206551289702,0,NA,NA,9th
CFG04,education,30162,30162,0,1008,0.03341953451362642,1008,0.03341953451362642,0,NA,NA,Assoc-acdm
CFG04,education,30162,30162,0,1307,0.043332670247331076,1307,0.043332670247331076,0,NA,NA,Assoc-voc
CFG04,education,30162,30162,0,5044,0.16723028976858298,5044,0.16723028976858298,0,NA,NA,Bachelors
CFG04,education,30162,30162,0,375,0.012432862542271732,375,0.012432862542271732,0,NA,NA,Doctorate
CFG04,education,30162,30162,0,9840,0.32623831310921025,9840,0.32623831310921025,0,NA,NA,HS-grad
CFG04,education,30162,30162,0,1627,0.053942046283402954,1627,0.053942046283402954,0,NA,NA,Masters
CFG04,education,30162,30162,0,45,0.001491943505072608,45,0.001491943505072608,0,NA,NA,Preschool
CFG04,education,30162,30162,0,542,0.017969630661096744,542,0.017969630661096744,0,NA,NA,Prof-school
CFG04,education,30162,30162,0,6678,0.22140441615277501,6678,0.22140441615277501,0,NA,NA,Some-college
CFG04,marital-status,30162,30162,0,4214,0.13971222067502154,4214,0.13971222067502154,0,NA,NA,Divorced
CFG04,marital-status,30162,30162,0,21,0.00069624030236721708,21,0.00069624030236721708,0,NA,NA,Married-AF-spouse
CFG04,marital-status,30162,30162,0,14065,0.46631523108547179,14065,0.46631523108547179,0,NA,NA,Married-civ-spouse
CFG04,marital-status,30162,30162,0,370,0.01226709104170811,370,0.01226709104170811,0,NA,NA,Married-spouse-absent
CFG04,marital-status,30162,30162,0,9726,0.32245872289635968,9726,0.32245872289635968,0,NA,NA,Never-married
CFG04,marital-status,30162,30162,0,939,0.03113188780584842,939,0.03113188780584842,0,NA,NA,Separated
CFG04,marital-status,30162,30162,0,827,0.027418606193223262,827,0.027418606193223262,0,NA,NA,Widowed
CFG04,native-country,30162,30162,0,18,0.00059677740202904314,18,0.00059677740202904314,0,NA,NA,Cambodia
CFG04,native-country,30162,30162,0,107,0.0035475101120615343,107,0.0035475101120615343,0,NA,NA,Canada
CFG04,native-country,30162,30162,0,68,0.0022544924076652742,68,0.0022544924076652742,0,NA,NA,China
CFG04,native-country,30162,30162,0,56,0.0018566408063125787,56,0.0018566408063125787,0,NA,NA,Columbia
CFG04,native-country,30162,30162,0,92,0.0030501956103706649,92,0.0030501956103706649,0,NA,NA,Cuba
CFG04,native-country,30162,30162,0,67,0.0022213381075525496,67,0.0022213381075525496,0,NA,NA,Dominican-Republic
CFG04,native-country,30162,30162,0,27,0.00089516610304356476,27,0.00089516610304356476,0,NA,NA,Ecuador
CFG04,native-country,30162,30162,0,100,0.003315430011272462,100,0.003315430011272462,0,NA,NA,El-Salvador
CFG04,native-country,30162,30162,0,86,0.0028512698096943173,86,0.0028512698096943173,0,NA,NA,England
CFG04,native-country,30162,30162,0,27,0.00089516610304356476,27,0.00089516610304356476,0,NA,NA,France
CFG04,native-country,30162,30162,0,128,0.004243750414428751,128,0.004243750414428751,0,NA,NA,Germany
CFG04,native-country,30162,30162,0,29,0.00096147470326901402,29,0.00096147470326901402,0,NA,NA,Greece
CFG04,native-country,30162,30162,0,63,0.0020887209071016512,63,0.0020887209071016512,0,NA,NA,Guatemala
CFG04,native-country,30162,30162,0,42,0.0013924806047344342,42,0.0013924806047344342,0,NA,NA,Haiti
CFG04,native-country,30162,30162,0,1,3.3154300112724617e-05,1,3.3154300112724617e-05,0,NA,NA,Holand-Netherlands
CFG04,native-country,30162,30162,0,12,0.00039785160135269546,12,0.00039785160135269546,0,NA,NA,Honduras
CFG04,native-country,30162,30162,0,19,0.00062993170214176782,19,0.00062993170214176782,0,NA,NA,Hong
CFG04,native-country,30162,30162,0,13,0.00043100590146542009,13,0.00043100590146542009,0,NA,NA,Hungary
CFG04,native-country,30162,30162,0,100,0.003315430011272462,100,0.003315430011272462,0,NA,NA,India
CFG04,native-country,30162,30162,0,42,0.0013924806047344342,42,0.0013924806047344342,0,NA,NA,Iran
CFG04,native-country,30162,30162,0,24,0.00079570320270539092,24,0.00079570320270539092,0,NA,NA,Ireland
CFG04,native-country,30162,30162,0,68,0.0022544924076652742,68,0.0022544924076652742,0,NA,NA,Italy
CFG04,native-country,30162,30162,0,80,0.0026523440090179696,80,0.0026523440090179696,0,NA,NA,Jamaica
CFG04,native-country,30162,30162,0,59,0.0019561037066507525,59,0.0019561037066507525,0,NA,NA,Japan
CFG04,native-country,30162,30162,0,17,0.00056362310191631856,17,0.00056362310191631856,0,NA,NA,Laos
CFG04,native-country,30162,30162,0,610,0.020224123068762017,610,0.020224123068762017,0,NA,NA,Mexico
CFG04,native-country,30162,30162,0,33,0.0010940919037199124,33,0.0010940919037199124,0,NA,NA,Nicaragua
CFG04,native-country,30162,30162,0,14,0.00046416020157814467,14,0.00046416020157814467,0,NA,NA,Outlying-US(Guam-USVI-etc)
CFG04,native-country,30162,30162,0,30,0.00099462900338173859,30,0.00099462900338173859,0,NA,NA,Peru
CFG04,native-country,30162,30162,0,188,0.0062330084211922286,188,0.0062330084211922286,0,NA,NA,Philippines
CFG04,native-country,30162,30162,0,56,0.0018566408063125787,56,0.0018566408063125787,0,NA,NA,Poland
CFG04,native-country,30162,30162,0,34,0.0011272462038326371,34,0.0011272462038326371,0,NA,NA,Portugal
CFG04,native-country,30162,30162,0,109,0.0036138187122869837,109,0.0036138187122869837,0,NA,NA,Puerto-Rico
CFG04,native-country,30162,30162,0,11,0.00036469730123997083,11,0.00036469730123997083,0,NA,NA,Scotland
CFG04,native-country,30162,30162,0,71,0.0023539553080034479,71,0.0023539553080034479,0,NA,NA,South
CFG04,native-country,30162,30162,0,42,0.0013924806047344342,42,0.0013924806047344342,0,NA,NA,Taiwan
CFG04,native-country,30162,30162,0,17,0.00056362310191631856,17,0.00056362310191631856,0,NA,NA,Thailand
CFG04,native-country,30162,30162,0,18,0.00059677740202904314,18,0.00059677740202904314,0,NA,NA,Trinadad&Tobago
CFG04,native-country,30162,30162,0,27504,0.91187587030037798,27504,0.91187587030037798,0,NA,NA,United-States
CFG04,native-country,30162,30162,0,64,0.0021218752072143755,64,0.0021218752072143755,0,NA,NA,Vietnam
CFG04,native-country,30162,30162,0,16,0.00053046880180359387,16,0.00053046880180359387,0,NA,NA,Yugoslavia
CFG04,occupation,30162,30162,0,3721,0.12336715071944832,3721,0.12336715071944832,0,NA,NA,Adm-clerical
CFG04,occupation,30162,30162,0,9,0.00029838870101452157,9,0.00029838870101452157,0,NA,NA,Armed-Forces
CFG04,occupation,30162,30162,0,4030,0.13361182945428021,4030,0.13361182945428021,0,NA,NA,Craft-repair
CFG04,occupation,30162,30162,0,3992,0.13235196604999669,3992,0.13235196604999669,0,NA,NA,Exec-managerial
CFG04,occupation,30162,30162,0,989,0.032789602811484651,989,0.032789602811484651,0,NA,NA,Farming-fishing
CFG04,occupation,30162,30162,0,1350,0.04475830515217824,1350,0.04475830515217824,0,NA,NA,Handlers-cleaners
CFG04,occupation,30162,30162,0,1966,0.065181354021616608,1966,0.065181354021616608,0,NA,NA,Machine-op-inspct
CFG04,occupation,30162,30162,0,3212,0.10649161196207148,3212,0.10649161196207148,0,NA,NA,Other-service
CFG04,occupation,30162,30162,0,143,0.0047410649161196208,143,0.0047410649161196208,0,NA,NA,Priv-house-serv
CFG04,occupation,30162,30162,0,4038,0.13387706385518203,4038,0.13387706385518203,0,NA,NA,Prof-specialty
CFG04,occupation,30162,30162,0,644,0.021351369272594657,644,0.021351369272594657,0,NA,NA,Protective-serv
CFG04,occupation,30162,30162,0,3584,0.11882501160400503,3584,0.11882501160400503,0,NA,NA,Sales
CFG04,occupation,30162,30162,0,912,0.030236721702804854,912,0.030236721702804854,0,NA,NA,Tech-support
CFG04,occupation,30162,30162,0,1572,0.052118559777203102,1572,0.052118559777203102,0,NA,NA,Transport-moving
CFG04,race,30162,30162,0,286,0.0094821298322392417,286,0.0094821298322392417,0,NA,NA,Amer-Indian-Eskimo
CFG04,race,30162,30162,0,895,0.029673098600888535,895,0.029673098600888535,0,NA,NA,Asian-Pac-Islander
CFG04,race,30162,30162,0,2817,0.093395663417545252,2817,0.093395663417545252,0,NA,NA,Black
CFG04,race,30162,30162,0,231,0.007658643326039387,231,0.007658643326039387,0,NA,NA,Other
CFG04,race,30162,30162,0,25933,0.85979046482328758,25933,0.85979046482328758,0,NA,NA,White
CFG04,salary-class,30162,30162,0,22654,0.75107751475366358,22654,0.75107751475366358,0,NA,NA,<=50K
CFG04,salary-class,30162,30162,0,7508,0.24892248524633645,7508,0.24892248524633645,0,NA,NA,>50K
CFG04,sex,30162,30162,0,9782,0.32431536370267222,9782,0.32431536370267222,0,NA,NA,Female
CFG04,sex,30162,30162,0,20380,0.67568463629732778,20380,0.67568463629732778,0,NA,NA,Male
CFG04,workclass,30162,30162,0,943,0.03126450500629932,943,0.03126450500629932,0,NA,NA,Federal-gov
CFG04,workclass,30162,30162,0,2067,0.068529938333001791,2067,0.068529938333001791,0,NA,NA,Local-gov
CFG04,workclass,30162,30162,0,22286,0.73887673231218087,22286,0.73887673231218087,0,NA,NA,Private
CFG04,workclass,30162,30162,0,1074,0.03560771832106624,1074,0.03560771832106624,0,NA,NA,Self-emp-inc
CFG04,workclass,30162,30162,0,2499,0.082852595981698821,2499,0.082852595981698821,0,NA,NA,Self-emp-not-inc
CFG04,workclass,30162,30162,0,1279,0.042404349844174787,1279,0.042404349844174787,0,NA,NA,State-gov
CFG04,workclass,30162,30162,0,14,0.00046416020157814467,14,0.00046416020157814467,0,NA,NA,Without-pay
CFG05,age,30162,30162,0,328,0.010874610436973676,328,0.010874610436973676,0,NA,NA,17
CFG05,age,30162,30162,0,447,0.014819972150387906,447,0.014819972150387906,0,NA,NA,18
CFG05,age,30162,30162,0,594,0.019693654266958426,594,0.019693654266958426,0,NA,NA,19
CFG05,age,30162,30162,0,629,0.020854054770903786,629,0.020854054770903786,0,NA,NA,20
CFG05,age,30162,30162,0,621,0.020588820370001988,621,0.020588820370001988,0,NA,NA,21
CFG05,age,30162,30162,0,674,0.022345998275976393,674,0.022345998275976393,0,NA,NA,22
CFG05,age,30162,30162,0,824,0.027319143292885088,824,0.027319143292885088,0,NA,NA,23
CFG05,age,30162,30162,0,752,0.024932033684768914,752,0.024932033684768914,0,NA,NA,24
CFG05,age,30162,30162,0,799,0.026490285790066972,799,0.026490285790066972,0,NA,NA,25
CFG05,age,30162,30162,0,745,0.024699953583979844,745,0.024699953583979844,0,NA,NA,26
CFG05,age,30162,30162,0,789,0.026158742788939725,789,0.026158742788939725,0,NA,NA,27
CFG05,age,30162,30162,0,808,0.026788674491081493,808,0.026788674491081493,0,NA,NA,28
CFG05,age,30162,30162,0,774,0.025661428287248857,774,0.025661428287248857,0,NA,NA,29
CFG05,age,30162,30162,0,813,0.026954445991645117,813,0.026954445991645117,0,NA,NA,30
CFG05,age,30162,30162,0,851,0.028214309395928651,851,0.028214309395928651,0,NA,NA,31
CFG05,age,30162,30162,0,789,0.026158742788939725,789,0.026158742788939725,0,NA,NA,32
CFG05,age,30162,30162,0,837,0.027750149194350506,837,0.027750149194350506,0,NA,NA,33
CFG05,age,30162,30162,0,836,0.027716994894237783,836,0.027716994894237783,0,NA,NA,34
CFG05,age,30162,30162,0,828,0.027451760493335985,828,0.027451760493335985,0,NA,NA,35
CFG05,age,30162,30162,0,852,0.028247463696041378,852,0.028247463696041378,0,NA,NA,36
CFG05,age,30162,30162,0,828,0.027451760493335985,828,0.027451760493335985,0,NA,NA,37
CFG05,age,30162,30162,0,791,0.026225051389165175,791,0.026225051389165175,0,NA,NA,38
CFG05,age,30162,30162,0,786,0.026059279888601551,786,0.026059279888601551,0,NA,NA,39
CFG05,age,30162,30162,0,765,0.025363039586234336,765,0.025363039586234336,0,NA,NA,40
CFG05,age,30162,30162,0,769,0.025495656786685233,769,0.025495656786685233,0,NA,NA,41
CFG05,age,30162,30162,0,741,0.024567336383528943,741,0.024567336383528943,0,NA,NA,42
CFG05,age,30162,30162,0,743,0.024633644983754394,743,0.024633644983754394,0,NA,NA,43
CFG05,age,30162,30162,0,704,0.023340627279358133,704,0.023340627279358133,0,NA,NA,44
CFG05,age,30162,30162,0,706,0.023406935879583583,706,0.023406935879583583,0,NA,NA,45
CFG05,age,30162,30162,0,711,0.023572707380147204,711,0.023572707380147204,0,NA,NA,46
CFG05,age,30162,30162,0,683,0.022644386976990914,683,0.022644386976990914,0,NA,NA,47
CFG05,age,30162,30162,0,523,0.017339698958954975,523,0.017339698958954975,0,NA,NA,48
CFG05,age,30162,30162,0,555,0.018400636562562165,555,0.018400636562562165,0,NA,NA,49
CFG05,age,30162,30162,0,575,0.019063722564816657,575,0.019063722564816657,0,NA,NA,50
CFG05,age,30162,30162,0,571,0.01893110536436576,571,0.01893110536436576,0,NA,NA,51
CFG05,age,30162,30162,0,455,0.015085206551289702,455,0.015085206551289702,0,NA,NA,52
CFG05,age,30162,30162,0,448,0.014853126450500629,448,0.014853126450500629,0,NA,NA,53
CFG05,age,30162,30162,0,394,0.013062794244413501,394,0.013062794244413501,0,NA,NA,54
CFG05,age,30162,30162,0,386,0.012797559843511703,386,0.012797559843511703,0,NA,NA,55
CFG05,age,30162,30162,0,343,0.011371924938664544,343,0.011371924938664544,0,NA,NA,56
CFG05,age,30162,30162,0,337,0.011172999137988197,337,0.011172999137988197,0,NA,NA,57
CFG05,age,30162,30162,0,344,0.011405079238777269,344,0.011405079238777269,0,NA,NA,58
CFG05,age,30162,30162,0,332,0.011007227637424575,332,0.011007227637424575,0,NA,NA,59
CFG05,age,30162,30162,0,276,0.0091505868311119957,276,0.0091505868311119957,0,NA,NA,60
CFG05,age,30162,30162,0,259,0.0085869637291956773,259,0.0085869637291956773,0,NA,NA,61
CFG05,age,30162,30162,0,213,0.0070618659240103444,213,0.0070618659240103444,0,NA,NA,62
CFG05,age,30162,30162,0,186,0.0061666998209667792,186,0.0061666998209667792,0,NA,NA,63
CFG05,age,30162,30162,0,173,0.0057356939195013596,173,0.0057356939195013596,0,NA,NA,64
CFG05,age,30162,30162,0,136,0.0045089848153305485,136,0.0045089848153305485,0,NA,NA,65
CFG05,age,30162,30162,0,110,0.0036469730123997084,110,0.0036469730123997084,0,NA,NA,66
CFG05,age,30162,30162,0,111,0.0036801273125124326,111,0.0036801273125124326,0,NA,NA,67
CFG05,age,30162,30162,0,90,0.002983887010145216,90,0.002983887010145216,0,NA,NA,68
CFG05,age,30162,30162,0,80,0.0026523440090179696,80,0.0026523440090179696,0,NA,NA,69
CFG05,age,30162,30162,0,64,0.0021218752072143755,64,0.0021218752072143755,0,NA,NA,70
CFG05,age,30162,30162,0,54,0.0017903322060871295,54,0.0017903322060871295,0,NA,NA,71
CFG05,age,30162,30162,0,40,0.0013261720045089848,40,0.0013261720045089848,0,NA,NA,72
CFG05,age,30162,30162,0,49,0.0016245607055235063,49,0.0016245607055235063,0,NA,NA,73
CFG05,age,30162,30162,0,38,0.0012598634042835356,38,0.0012598634042835356,0,NA,NA,74
CFG05,age,30162,30162,0,34,0.0011272462038326371,34,0.0011272462038326371,0,NA,NA,75
CFG05,age,30162,30162,0,29,0.00096147470326901402,29,0.00096147470326901402,0,NA,NA,76
CFG05,age,30162,30162,0,20,0.0006630860022544924,20,0.0006630860022544924,0,NA,NA,77
CFG05,age,30162,30162,0,14,0.00046416020157814467,14,0.00046416020157814467,0,NA,NA,78
CFG05,age,30162,30162,0,15,0.0004973145016908693,15,0.0004973145016908693,0,NA,NA,79
CFG05,age,30162,30162,0,16,0.00053046880180359387,16,0.00053046880180359387,0,NA,NA,80
CFG05,age,30162,30162,0,13,0.00043100590146542009,13,0.00043100590146542009,0,NA,NA,81
CFG05,age,30162,30162,0,7,0.00023208010078907233,7,0.00023208010078907233,0,NA,NA,82
CFG05,age,30162,30162,0,5,0.0001657715005636231,5,0.0001657715005636231,0,NA,NA,83
CFG05,age,30162,30162,0,8,0.00026523440090179694,8,0.00026523440090179694,0,NA,NA,84
CFG05,age,30162,30162,0,3,9.9462900338173865e-05,3,9.9462900338173865e-05,0,NA,NA,85
CFG05,age,30162,30162,0,1,3.3154300112724617e-05,1,3.3154300112724617e-05,0,NA,NA,86
CFG05,age,30162,30162,0,3,9.9462900338173865e-05,3,9.9462900338173865e-05,0,NA,NA,88
CFG05,age,30162,30162,0,35,0.0011604005039453618,35,0.0011604005039453618,0,NA,NA,90
CFG05,education,30162,30162,0,820,0.027186526092434188,820,0.027186526092434188,0,NA,NA,10th
CFG05,education,30162,30162,0,1048,0.034745706518135404,1048,0.034745706518135404,0,NA,NA,11th
CFG05,education,30162,30162,0,377,0.012499171142497182,377,0.012499171142497182,0,NA,NA,12th
CFG05,education,30162,30162,0,151,0.0050062993170214174,151,0.0050062993170214174,0,NA,NA,1st-4th
CFG05,education,30162,30162,0,288,0.0095484384324646902,288,0.0095484384324646902,0,NA,NA,5th-6th
CFG05,education,30162,30162,0,557,0.018466945162787615,557,0.018466945162787615,0,NA,NA,7th-8th
CFG05,education,30162,30162,0,455,0.015085206551289702,455,0.015085206551289702,0,NA,NA,9th
CFG05,education,30162,30162,0,1008,0.03341953451362642,1008,0.03341953451362642,0,NA,NA,Assoc-acdm
CFG05,education,30162,30162,0,1307,0.043332670247331076,1307,0.043332670247331076,0,NA,NA,Assoc-voc
CFG05,education,30162,30162,0,5044,0.16723028976858298,5044,0.16723028976858298,0,NA,NA,Bachelors
CFG05,education,30162,30162,0,375,0.012432862542271732,375,0.012432862542271732,0,NA,NA,Doctorate
CFG05,education,30162,30162,0,9840,0.32623831310921025,9840,0.32623831310921025,0,NA,NA,HS-grad
CFG05,education,30162,30162,0,1627,0.053942046283402954,1627,0.053942046283402954,0,NA,NA,Masters
CFG05,education,30162,30162,0,45,0.001491943505072608,45,0.001491943505072608,0,NA,NA,Preschool
CFG05,education,30162,30162,0,542,0.017969630661096744,542,0.017969630661096744,0,NA,NA,Prof-school
CFG05,education,30162,30162,0,6678,0.22140441615277501,6678,0.22140441615277501,0,NA,NA,Some-college
CFG05,marital-status,30162,30162,0,4214,0.13971222067502154,4214,0.13971222067502154,0,NA,NA,Divorced
CFG05,marital-status,30162,30162,0,21,0.00069624030236721708,21,0.00069624030236721708,0,NA,NA,Married-AF-spouse
CFG05,marital-status,30162,30162,0,14065,0.46631523108547179,14065,0.46631523108547179,0,NA,NA,Married-civ-spouse
CFG05,marital-status,30162,30162,0,370,0.01226709104170811,370,0.01226709104170811,0,NA,NA,Married-spouse-absent
CFG05,marital-status,30162,30162,0,9726,0.32245872289635968,9726,0.32245872289635968,0,NA,NA,Never-married
CFG05,marital-status,30162,30162,0,939,0.03113188780584842,939,0.03113188780584842,0,NA,NA,Separated
CFG05,marital-status,30162,30162,0,827,0.027418606193223262,827,0.027418606193223262,0,NA,NA,Widowed
CFG05,native-country,30162,30162,0,18,0.00059677740202904314,18,0.00059677740202904314,0,NA,NA,Cambodia
CFG05,native-country,30162,30162,0,107,0.0035475101120615343,107,0.0035475101120615343,0,NA,NA,Canada
CFG05,native-country,30162,30162,0,68,0.0022544924076652742,68,0.0022544924076652742,0,NA,NA,China
CFG05,native-country,30162,30162,0,56,0.0018566408063125787,56,0.0018566408063125787,0,NA,NA,Columbia
CFG05,native-country,30162,30162,0,92,0.0030501956103706649,92,0.0030501956103706649,0,NA,NA,Cuba
CFG05,native-country,30162,30162,0,67,0.0022213381075525496,67,0.0022213381075525496,0,NA,NA,Dominican-Republic
CFG05,native-country,30162,30162,0,27,0.00089516610304356476,27,0.00089516610304356476,0,NA,NA,Ecuador
CFG05,native-country,30162,30162,0,100,0.003315430011272462,100,0.003315430011272462,0,NA,NA,El-Salvador
CFG05,native-country,30162,30162,0,86,0.0028512698096943173,86,0.0028512698096943173,0,NA,NA,England
CFG05,native-country,30162,30162,0,27,0.00089516610304356476,27,0.00089516610304356476,0,NA,NA,France
CFG05,native-country,30162,30162,0,128,0.004243750414428751,128,0.004243750414428751,0,NA,NA,Germany
CFG05,native-country,30162,30162,0,29,0.00096147470326901402,29,0.00096147470326901402,0,NA,NA,Greece
CFG05,native-country,30162,30162,0,63,0.0020887209071016512,63,0.0020887209071016512,0,NA,NA,Guatemala
CFG05,native-country,30162,30162,0,42,0.0013924806047344342,42,0.0013924806047344342,0,NA,NA,Haiti
CFG05,native-country,30162,30162,0,1,3.3154300112724617e-05,1,3.3154300112724617e-05,0,NA,NA,Holand-Netherlands
CFG05,native-country,30162,30162,0,12,0.00039785160135269546,12,0.00039785160135269546,0,NA,NA,Honduras
CFG05,native-country,30162,30162,0,19,0.00062993170214176782,19,0.00062993170214176782,0,NA,NA,Hong
CFG05,native-country,30162,30162,0,13,0.00043100590146542009,13,0.00043100590146542009,0,NA,NA,Hungary
CFG05,native-country,30162,30162,0,100,0.003315430011272462,100,0.003315430011272462,0,NA,NA,India
CFG05,native-country,30162,30162,0,42,0.0013924806047344342,42,0.0013924806047344342,0,NA,NA,Iran
CFG05,native-country,30162,30162,0,24,0.00079570320270539092,24,0.00079570320270539092,0,NA,NA,Ireland
CFG05,native-country,30162,30162,0,68,0.0022544924076652742,68,0.0022544924076652742,0,NA,NA,Italy
CFG05,native-country,30162,30162,0,80,0.0026523440090179696,80,0.0026523440090179696,0,NA,NA,Jamaica
CFG05,native-country,30162,30162,0,59,0.0019561037066507525,59,0.0019561037066507525,0,NA,NA,Japan
CFG05,native-country,30162,30162,0,17,0.00056362310191631856,17,0.00056362310191631856,0,NA,NA,Laos
CFG05,native-country,30162,30162,0,610,0.020224123068762017,610,0.020224123068762017,0,NA,NA,Mexico
CFG05,native-country,30162,30162,0,33,0.0010940919037199124,33,0.0010940919037199124,0,NA,NA,Nicaragua
CFG05,native-country,30162,30162,0,14,0.00046416020157814467,14,0.00046416020157814467,0,NA,NA,Outlying-US(Guam-USVI-etc)
CFG05,native-country,30162,30162,0,30,0.00099462900338173859,30,0.00099462900338173859,0,NA,NA,Peru
CFG05,native-country,30162,30162,0,188,0.0062330084211922286,188,0.0062330084211922286,0,NA,NA,Philippines
CFG05,native-country,30162,30162,0,56,0.0018566408063125787,56,0.0018566408063125787,0,NA,NA,Poland
CFG05,native-country,30162,30162,0,34,0.0011272462038326371,34,0.0011272462038326371,0,NA,NA,Portugal
CFG05,native-country,30162,30162,0,109,0.0036138187122869837,109,0.0036138187122869837,0,NA,NA,Puerto-Rico
CFG05,native-country,30162,30162,0,11,0.00036469730123997083,11,0.00036469730123997083,0,NA,NA,Scotland
CFG05,native-country,30162,30162,0,71,0.0023539553080034479,71,0.0023539553080034479,0,NA,NA,South
CFG05,native-country,30162,30162,0,42,0.0013924806047344342,42,0.0013924806047344342,0,NA,NA,Taiwan
CFG05,native-country,30162,30162,0,17,0.00056362310191631856,17,0.00056362310191631856,0,NA,NA,Thailand
CFG05,native-country,30162,30162,0,18,0.00059677740202904314,18,0.00059677740202904314,0,NA,NA,Trinadad&Tobago
CFG05,native-country,30162,30162,0,27504,0.91187587030037798,27504,0.91187587030037798,0,NA,NA,United-States
CFG05,native-country,30162,30162,0,64,0.0021218752072143755,64,0.0021218752072143755,0,NA,NA,Vietnam
CFG05,native-country,30162,30162,0,16,0.00053046880180359387,16,0.00053046880180359387,0,NA,NA,Yugoslavia
CFG05,occupation,30162,30162,0,3721,0.12336715071944832,3721,0.12336715071944832,0,NA,NA,Adm-clerical
CFG05,occupation,30162,30162,0,9,0.00029838870101452157,9,0.00029838870101452157,0,NA,NA,Armed-Forces
CFG05,occupation,30162,30162,0,4030,0.13361182945428021,4030,0.13361182945428021,0,NA,NA,Craft-repair
CFG05,occupation,30162,30162,0,3992,0.13235196604999669,3992,0.13235196604999669,0,NA,NA,Exec-managerial
CFG05,occupation,30162,30162,0,989,0.032789602811484651,989,0.032789602811484651,0,NA,NA,Farming-fishing
CFG05,occupation,30162,30162,0,1350,0.04475830515217824,1350,0.04475830515217824,0,NA,NA,Handlers-cleaners
CFG05,occupation,30162,30162,0,1966,0.065181354021616608,1966,0.065181354021616608,0,NA,NA,Machine-op-inspct
CFG05,occupation,30162,30162,0,3212,0.10649161196207148,3212,0.10649161196207148,0,NA,NA,Other-service
CFG05,occupation,30162,30162,0,143,0.0047410649161196208,143,0.0047410649161196208,0,NA,NA,Priv-house-serv
CFG05,occupation,30162,30162,0,4038,0.13387706385518203,4038,0.13387706385518203,0,NA,NA,Prof-specialty
CFG05,occupation,30162,30162,0,644,0.021351369272594657,644,0.021351369272594657,0,NA,NA,Protective-serv
CFG05,occupation,30162,30162,0,3584,0.11882501160400503,3584,0.11882501160400503,0,NA,NA,Sales
CFG05,occupation,30162,30162,0,912,0.030236721702804854,912,0.030236721702804854,0,NA,NA,Tech-support
CFG05,occupation,30162,30162,0,1572,0.052118559777203102,1572,0.052118559777203102,0,NA,NA,Transport-moving
CFG05,race,30162,30162,0,286,0.0094821298322392417,286,0.0094821298322392417,0,NA,NA,Amer-Indian-Eskimo
CFG05,race,30162,30162,0,895,0.029673098600888535,895,0.029673098600888535,0,NA,NA,Asian-Pac-Islander
CFG05,race,30162,30162,0,2817,0.093395663417545252,2817,0.093395663417545252,0,NA,NA,Black
CFG05,race,30162,30162,0,231,0.007658643326039387,231,0.007658643326039387,0,NA,NA,Other
CFG05,race,30162,30162,0,25933,0.85979046482328758,25933,0.85979046482328758,0,NA,NA,White
CFG05,salary-class,30162,30162,0,22654,0.75107751475366358,22654,0.75107751475366358,0,NA,NA,<=50K
CFG05,salary-class,30162,30162,0,7508,0.24892248524633645,7508,0.24892248524633645,0,NA,NA,>50K
CFG05,sex,30162,30162,0,9782,0.32431536370267222,9782,0.32431536370267222,0,NA,NA,Female
CFG05,sex,30162,30162,0,20380,0.67568463629732778,20380,0.67568463629732778,0,NA,NA,Male
CFG05,workclass,30162,30162,0,943,0.03126450500629932,943,0.03126450500629932,0,NA,NA,Federal-gov
CFG05,workclass,30162,30162,0,2067,0.068529938333001791,2067,0.068529938333001791,0,NA,NA,Local-gov
CFG05,workclass,30162,30162,0,22286,0.73887673231218087,22286,0.73887673231218087,0,NA,NA,Private
CFG05,workclass,30162,30162,0,1074,0.03560771832106624,1074,0.03560771832106624,0,NA,NA,Self-emp-inc
CFG05,workclass,30162,30162,0,2499,0.082852595981698821,2499,0.082852595981698821,0,NA,NA,Self-emp-not-inc
CFG05,workclass,30162,30162,0,1279,0.042404349844174787,1279,0.042404349844174787,0,NA,NA,State-gov
CFG05,workclass,30162,30162,0,14,0.00046416020157814467,14,0.00046416020157814467,0,NA,NA,Without-pay
CFG06,age,30162,30162,0,328,0.010874610436973676,328,0.010874610436973676,0,NA,NA,17
CFG06,age,30162,30162,0,447,0.014819972150387906,447,0.014819972150387906,0,NA,NA,18
CFG06,age,30162,30162,0,594,0.019693654266958426,594,0.019693654266958426,0,NA,NA,19
CFG06,age,30162,30162,0,629,0.020854054770903786,629,0.020854054770903786,0,NA,NA,20
CFG06,age,30162,30162,0,621,0.020588820370001988,621,0.020588820370001988,0,NA,NA,21
CFG06,age,30162,30162,0,674,0.022345998275976393,674,0.022345998275976393,0,NA,NA,22
CFG06,age,30162,30162,0,824,0.027319143292885088,824,0.027319143292885088,0,NA,NA,23
CFG06,age,30162,30162,0,752,0.024932033684768914,752,0.024932033684768914,0,NA,NA,24
CFG06,age,30162,30162,0,799,0.026490285790066972,799,0.026490285790066972,0,NA,NA,25
CFG06,age,30162,30162,0,745,0.024699953583979844,745,0.024699953583979844,0,NA,NA,26
CFG06,age,30162,30162,0,789,0.026158742788939725,789,0.026158742788939725,0,NA,NA,27
CFG06,age,30162,30162,0,808,0.026788674491081493,808,0.026788674491081493,0,NA,NA,28
CFG06,age,30162,30162,0,774,0.025661428287248857,774,0.025661428287248857,0,NA,NA,29
CFG06,age,30162,30162,0,813,0.026954445991645117,813,0.026954445991645117,0,NA,NA,30
CFG06,age,30162,30162,0,851,0.028214309395928651,851,0.028214309395928651,0,NA,NA,31
CFG06,age,30162,30162,0,789,0.026158742788939725,789,0.026158742788939725,0,NA,NA,32
CFG06,age,30162,30162,0,837,0.027750149194350506,837,0.027750149194350506,0,NA,NA,33
CFG06,age,30162,30162,0,836,0.027716994894237783,836,0.027716994894237783,0,NA,NA,34
CFG06,age,30162,30162,0,828,0.027451760493335985,828,0.027451760493335985,0,NA,NA,35
CFG06,age,30162,30162,0,852,0.028247463696041378,852,0.028247463696041378,0,NA,NA,36
CFG06,age,30162,30162,0,828,0.027451760493335985,828,0.027451760493335985,0,NA,NA,37
CFG06,age,30162,30162,0,791,0.026225051389165175,791,0.026225051389165175,0,NA,NA,38
CFG06,age,30162,30162,0,786,0.026059279888601551,786,0.026059279888601551,0,NA,NA,39
CFG06,age,30162,30162,0,765,0.025363039586234336,765,0.025363039586234336,0,NA,NA,40
CFG06,age,30162,30162,0,769,0.025495656786685233,769,0.025495656786685233,0,NA,NA,41
CFG06,age,30162,30162,0,741,0.024567336383528943,741,0.024567336383528943,0,NA,NA,42
CFG06,age,30162,30162,0,743,0.024633644983754394,743,0.024633644983754394,0,NA,NA,43
CFG06,age,30162,30162,0,704,0.023340627279358133,704,0.023340627279358133,0,NA,NA,44
CFG06,age,30162,30162,0,706,0.023406935879583583,706,0.023406935879583583,0,NA,NA,45
CFG06,age,30162,30162,0,711,0.023572707380147204,711,0.023572707380147204,0,NA,NA,46
CFG06,age,30162,30162,0,683,0.022644386976990914,683,0.022644386976990914,0,NA,NA,47
CFG06,age,30162,30162,0,523,0.017339698958954975,523,0.017339698958954975,0,NA,NA,48
CFG06,age,30162,30162,0,555,0.018400636562562165,555,0.018400636562562165,0,NA,NA,49
CFG06,age,30162,30162,0,575,0.019063722564816657,575,0.019063722564816657,0,NA,NA,50
CFG06,age,30162,30162,0,571,0.01893110536436576,571,0.01893110536436576,0,NA,NA,51
CFG06,age,30162,30162,0,455,0.015085206551289702,455,0.015085206551289702,0,NA,NA,52
CFG06,age,30162,30162,0,448,0.014853126450500629,448,0.014853126450500629,0,NA,NA,53
CFG06,age,30162,30162,0,394,0.013062794244413501,394,0.013062794244413501,0,NA,NA,54
CFG06,age,30162,30162,0,386,0.012797559843511703,386,0.012797559843511703,0,NA,NA,55
CFG06,age,30162,30162,0,343,0.011371924938664544,343,0.011371924938664544,0,NA,NA,56
CFG06,age,30162,30162,0,337,0.011172999137988197,337,0.011172999137988197,0,NA,NA,57
CFG06,age,30162,30162,0,344,0.011405079238777269,344,0.011405079238777269,0,NA,NA,58
CFG06,age,30162,30162,0,332,0.011007227637424575,332,0.011007227637424575,0,NA,NA,59
CFG06,age,30162,30162,0,276,0.0091505868311119957,276,0.0091505868311119957,0,NA,NA,60
CFG06,age,30162,30162,0,259,0.0085869637291956773,259,0.0085869637291956773,0,NA,NA,61
CFG06,age,30162,30162,0,213,0.0070618659240103444,213,0.0070618659240103444,0,NA,NA,62
CFG06,age,30162,30162,0,186,0.0061666998209667792,186,0.0061666998209667792,0,NA,NA,63
CFG06,age,30162,30162,0,173,0.0057356939195013596,173,0.0057356939195013596,0,NA,NA,64
CFG06,age,30162,30162,0,136,0.0045089848153305485,136,0.0045089848153305485,0,NA,NA,65
CFG06,age,30162,30162,0,110,0.0036469730123997084,110,0.0036469730123997084,0,NA,NA,66
CFG06,age,30162,30162,0,111,0.0036801273125124326,111,0.0036801273125124326,0,NA,NA,67
CFG06,age,30162,30162,0,90,0.002983887010145216,90,0.002983887010145216,0,NA,NA,68
CFG06,age,30162,30162,0,80,0.0026523440090179696,80,0.0026523440090179696,0,NA,NA,69
CFG06,age,30162,30162,0,64,0.0021218752072143755,64,0.0021218752072143755,0,NA,NA,70
CFG06,age,30162,30162,0,54,0.0017903322060871295,54,0.0017903322060871295,0,NA,NA,71
CFG06,age,30162,30162,0,40,0.0013261720045089848,40,0.0013261720045089848,0,NA,NA,72
CFG06,age,30162,30162,0,49,0.0016245607055235063,49,0.0016245607055235063,0,NA,NA,73
CFG06,age,30162,30162,0,38,0.0012598634042835356,38,0.0012598634042835356,0,NA,NA,74
CFG06,age,30162,30162,0,34,0.0011272462038326371,34,0.0011272462038326371,0,NA,NA,75
CFG06,age,30162,30162,0,29,0.00096147470326901402,29,0.00096147470326901402,0,NA,NA,76
CFG06,age,30162,30162,0,20,0.0006630860022544924,20,0.0006630860022544924,0,NA,NA,77
CFG06,age,30162,30162,0,14,0.00046416020157814467,14,0.00046416020157814467,0,NA,NA,78
CFG06,age,30162,30162,0,15,0.0004973145016908693,15,0.0004973145016908693,0,NA,NA,79
CFG06,age,30162,30162,0,16,0.00053046880180359387,16,0.00053046880180359387,0,NA,NA,80
CFG06,age,30162,30162,0,13,0.00043100590146542009,13,0.00043100590146542009,0,NA,NA,81
CFG06,age,30162,30162,0,7,0.00023208010078907233,7,0.00023208010078907233,0,NA,NA,82
CFG06,age,30162,30162,0,5,0.0001657715005636231,5,0.0001657715005636231,0,NA,NA,83
CFG06,age,30162,30162,0,8,0.00026523440090179694,8,0.00026523440090179694,0,NA,NA,84
CFG06,age,30162,30162,0,3,9.9462900338173865e-05,3,9.9462900338173865e-05,0,NA,NA,85
CFG06,age,30162,30162,0,1,3.3154300112724617e-05,1,3.3154300112724617e-05,0,NA,NA,86
CFG06,age,30162,30162,0,3,9.9462900338173865e-05,3,9.9462900338173865e-05,0,NA,NA,88
CFG06,age,30162,30162,0,35,0.0011604005039453618,35,0.0011604005039453618,0,NA,NA,90
CFG06,education,30162,30162,0,820,0.027186526092434188,820,0.027186526092434188,0,NA,NA,10th
CFG06,education,30162,30162,0,1048,0.034745706518135404,1048,0.034745706518135404,0,NA,NA,11th
CFG06,education,30162,30162,0,377,0.012499171142497182,377,0.012499171142497182,0,NA,NA,12th
CFG06,education,30162,30162,0,151,0.0050062993170214174,151,0.0050062993170214174,0,NA,NA,1st-4th
CFG06,education,30162,30162,0,288,0.0095484384324646902,288,0.0095484384324646902,0,NA,NA,5th-6th
CFG06,education,30162,30162,0,557,0.018466945162787615,557,0.018466945162787615,0,NA,NA,7th-8th
CFG06,education,30162,30162,0,455,0.015085206551289702,455,0.015085206551289702,0,NA,NA,9th
CFG06,education,30162,30162,0,1008,0.03341953451362642,1008,0.03341953451362642,0,NA,NA,Assoc-acdm
CFG06,education,30162,30162,0,1307,0.043332670247331076,1307,0.043332670247331076,0,NA,NA,Assoc-voc
CFG06,education,30162,30162,0,5044,0.16723028976858298,5044,0.16723028976858298,0,NA,NA,Bachelors
CFG06,education,30162,30162,0,375,0.012432862542271732,375,0.012432862542271732,0,NA,NA,Doctorate
CFG06,education,30162,30162,0,9840,0.32623831310921025,9840,0.32623831310921025,0,NA,NA,HS-grad
CFG06,education,30162,30162,0,1627,0.053942046283402954,1627,0.053942046283402954,0,NA,NA,Masters
CFG06,education,30162,30162,0,45,0.001491943505072608,45,0.001491943505072608,0,NA,NA,Preschool
CFG06,education,30162,30162,0,542,0.017969630661096744,542,0.017969630661096744,0,NA,NA,Prof-school
CFG06,education,30162,30162,0,6678,0.22140441615277501,6678,0.22140441615277501,0,NA,NA,Some-college
CFG06,marital-status,30162,30162,0,4214,0.13971222067502154,4214,0.13971222067502154,0,NA,NA,Divorced
CFG06,marital-status,30162,30162,0,21,0.00069624030236721708,21,0.00069624030236721708,0,NA,NA,Married-AF-spouse
CFG06,marital-status,30162,30162,0,14065,0.46631523108547179,14065,0.46631523108547179,0,NA,NA,Married-civ-spouse
CFG06,marital-status,30162,30162,0,370,0.01226709104170811,370,0.01226709104170811,0,NA,NA,Married-spouse-absent
CFG06,marital-status,30162,30162,0,9726,0.32245872289635968,9726,0.32245872289635968,0,NA,NA,Never-married
CFG06,marital-status,30162,30162,0,939,0.03113188780584842,939,0.03113188780584842,0,NA,NA,Separated
CFG06,marital-status,30162,30162,0,827,0.027418606193223262,827,0.027418606193223262,0,NA,NA,Widowed
CFG06,native-country,30162,30162,0,18,0.00059677740202904314,18,0.00059677740202904314,0,NA,NA,Cambodia
CFG06,native-country,30162,30162,0,107,0.0035475101120615343,107,0.0035475101120615343,0,NA,NA,Canada
CFG06,native-country,30162,30162,0,68,0.0022544924076652742,68,0.0022544924076652742,0,NA,NA,China
CFG06,native-country,30162,30162,0,56,0.0018566408063125787,56,0.0018566408063125787,0,NA,NA,Columbia
CFG06,native-country,30162,30162,0,92,0.0030501956103706649,92,0.0030501956103706649,0,NA,NA,Cuba
CFG06,native-country,30162,30162,0,67,0.0022213381075525496,67,0.0022213381075525496,0,NA,NA,Dominican-Republic
CFG06,native-country,30162,30162,0,27,0.00089516610304356476,27,0.00089516610304356476,0,NA,NA,Ecuador
CFG06,native-country,30162,30162,0,100,0.003315430011272462,100,0.003315430011272462,0,NA,NA,El-Salvador
CFG06,native-country,30162,30162,0,86,0.0028512698096943173,86,0.0028512698096943173,0,NA,NA,England
CFG06,native-country,30162,30162,0,27,0.00089516610304356476,27,0.00089516610304356476,0,NA,NA,France
CFG06,native-country,30162,30162,0,128,0.004243750414428751,128,0.004243750414428751,0,NA,NA,Germany
CFG06,native-country,30162,30162,0,29,0.00096147470326901402,29,0.00096147470326901402,0,NA,NA,Greece
CFG06,native-country,30162,30162,0,63,0.0020887209071016512,63,0.0020887209071016512,0,NA,NA,Guatemala
CFG06,native-country,30162,30162,0,42,0.0013924806047344342,42,0.0013924806047344342,0,NA,NA,Haiti
CFG06,native-country,30162,30162,0,1,3.3154300112724617e-05,1,3.3154300112724617e-05,0,NA,NA,Holand-Netherlands
CFG06,native-country,30162,30162,0,12,0.00039785160135269546,12,0.00039785160135269546,0,NA,NA,Honduras
CFG06,native-country,30162,30162,0,19,0.00062993170214176782,19,0.00062993170214176782,0,NA,NA,Hong
CFG06,native-country,30162,30162,0,13,0.00043100590146542009,13,0.00043100590146542009,0,NA,NA,Hungary
CFG06,native-country,30162,30162,0,100,0.003315430011272462,100,0.003315430011272462,0,NA,NA,India
CFG06,native-country,30162,30162,0,42,0.0013924806047344342,42,0.0013924806047344342,0,NA,NA,Iran
CFG06,native-country,30162,30162,0,24,0.00079570320270539092,24,0.00079570320270539092,0,NA,NA,Ireland
CFG06,native-country,30162,30162,0,68,0.0022544924076652742,68,0.0022544924076652742,0,NA,NA,Italy
CFG06,native-country,30162,30162,0,80,0.0026523440090179696,80,0.0026523440090179696,0,NA,NA,Jamaica
CFG06,native-country,30162,30162,0,59,0.0019561037066507525,59,0.0019561037066507525,0,NA,NA,Japan
CFG06,native-country,30162,30162,0,17,0.00056362310191631856,17,0.00056362310191631856,0,NA,NA,Laos
CFG06,native-country,30162,30162,0,610,0.020224123068762017,610,0.020224123068762017,0,NA,NA,Mexico
CFG06,native-country,30162,30162,0,33,0.0010940919037199124,33,0.0010940919037199124,0,NA,NA,Nicaragua
CFG06,native-country,30162,30162,0,14,0.00046416020157814467,14,0.00046416020157814467,0,NA,NA,Outlying-US(Guam-USVI-etc)
CFG06,native-country,30162,30162,0,30,0.00099462900338173859,30,0.00099462900338173859,0,NA,NA,Peru
CFG06,native-country,30162,30162,0,188,0.0062330084211922286,188,0.0062330084211922286,0,NA,NA,Philippines
CFG06,native-country,30162,30162,0,56,0.0018566408063125787,56,0.0018566408063125787,0,NA,NA,Poland
CFG06,native-country,30162,30162,0,34,0.0011272462038326371,34,0.0011272462038326371,0,NA,NA,Portugal
CFG06,native-country,30162,30162,0,109,0.0036138187122869837,109,0.0036138187122869837,0,NA,NA,Puerto-Rico
CFG06,native-country,30162,30162,0,11,0.00036469730123997083,11,0.00036469730123997083,0,NA,NA,Scotland
CFG06,native-country,30162,30162,0,71,0.0023539553080034479,71,0.0023539553080034479,0,NA,NA,South
CFG06,native-country,30162,30162,0,42,0.0013924806047344342,42,0.0013924806047344342,0,NA,NA,Taiwan
CFG06,native-country,30162,30162,0,17,0.00056362310191631856,17,0.00056362310191631856,0,NA,NA,Thailand
CFG06,native-country,30162,30162,0,18,0.00059677740202904314,18,0.00059677740202904314,0,NA,NA,Trinadad&Tobago
CFG06,native-country,30162,30162,0,27504,0.91187587030037798,27504,0.91187587030037798,0,NA,NA,United-States
CFG06,native-country,30162,30162,0,64,0.0021218752072143755,64,0.0021218752072143755,0,NA,NA,Vietnam
CFG06,native-country,30162,30162,0,16,0.00053046880180359387,16,0.00053046880180359387,0,NA,NA,Yugoslavia
CFG06,occupation,30162,30162,0,3721,0.12336715071944832,3721,0.12336715071944832,0,NA,NA,Adm-clerical
CFG06,occupation,30162,30162,0,9,0.00029838870101452157,9,0.00029838870101452157,0,NA,NA,Armed-Forces
CFG06,occupation,30162,30162,0,4030,0.13361182945428021,4030,0.13361182945428021,0,NA,NA,Craft-repair
CFG06,occupation,30162,30162,0,3992,0.13235196604999669,3992,0.13235196604999669,0,NA,NA,Exec-managerial
CFG06,occupation,30162,30162,0,989,0.032789602811484651,989,0.032789602811484651,0,NA,NA,Farming-fishing
CFG06,occupation,30162,30162,0,1350,0.04475830515217824,1350,0.04475830515217824,0,NA,NA,Handlers-cleaners
CFG06,occupation,30162,30162,0,1966,0.065181354021616608,1966,0.065181354021616608,0,NA,NA,Machine-op-inspct
CFG06,occupation,30162,30162,0,3212,0.10649161196207148,3212,0.10649161196207148,0,NA,NA,Other-service
CFG06,occupation,30162,30162,0,143,0.0047410649161196208,143,0.0047410649161196208,0,NA,NA,Priv-house-serv
CFG06,occupation,30162,30162,0,4038,0.13387706385518203,4038,0.13387706385518203,0,NA,NA,Prof-specialty
CFG06,occupation,30162,30162,0,644,0.021351369272594657,644,0.021351369272594657,0,NA,NA,Protective-serv
CFG06,occupation,30162,30162,0,3584,0.11882501160400503,3584,0.11882501160400503,0,NA,NA,Sales
CFG06,occupation,30162,30162,0,912,0.030236721702804854,912,0.030236721702804854,0,NA,NA,Tech-support
CFG06,occupation,30162,30162,0,1572,0.052118559777203102,1572,0.052118559777203102,0,NA,NA,Transport-moving
CFG06,race,30162,30162,0,286,0.0094821298322392417,286,0.0094821298322392417,0,NA,NA,Amer-Indian-Eskimo
CFG06,race,30162,30162,0,895,0.029673098600888535,895,0.029673098600888535,0,NA,NA,Asian-Pac-Islander
CFG06,race,30162,30162,0,2817,0.093395663417545252,2817,0.093395663417545252,0,NA,NA,Black
CFG06,race,30162,30162,0,231,0.007658643326039387,231,0.007658643326039387,0,NA,NA,Other
CFG06,race,30162,30162,0,25933,0.85979046482328758,25933,0.85979046482328758,0,NA,NA,White
CFG06,salary-class,30162,30162,0,22654,0.75107751475366358,22654,0.75107751475366358,0,NA,NA,<=50K
CFG06,salary-class,30162,30162,0,7508,0.24892248524633645,7508,0.24892248524633645,0,NA,NA,>50K
CFG06,sex,30162,30162,0,9782,0.32431536370267222,9782,0.32431536370267222,0,NA,NA,Female
CFG06,sex,30162,30162,0,20380,0.67568463629732778,20380,0.67568463629732778,0,NA,NA,Male
CFG06,workclass,30162,30162,0,943,0.03126450500629932,943,0.03126450500629932,0,NA,NA,Federal-gov
CFG06,workclass,30162,30162,0,2067,0.068529938333001791,2067,0.068529938333001791,0,NA,NA,Local-gov
CFG06,workclass,30162,30162,0,22286,0.73887673231218087,22286,0.73887673231218087,0,NA,NA,Private
CFG06,workclass,30162,30162,0,1074,0.03560771832106624,1074,0.03560771832106624,0,NA,NA,Self-emp-inc
CFG06,workclass,30162,30162,0,2499,0.082852595981698821,2499,0.082852595981698821,0,NA,NA,Self-emp-not-inc
CFG06,workclass,30162,30162,0,1279,0.042404349844174787,1279,0.042404349844174787,0,NA,NA,State-gov
CFG06,workclass,30162,30162,0,14,0.00046416020157814467,14,0.00046416020157814467,0,NA,NA,Without-pay
CFG07,age,30162,30162,0,328,0.010874610436973676,328,0.010874610436973676,0,NA,NA,17
CFG07,age,30162,30162,0,447,0.014819972150387906,447,0.014819972150387906,0,NA,NA,18
CFG07,age,30162,30162,0,594,0.019693654266958426,594,0.019693654266958426,0,NA,NA,19
CFG07,age,30162,30162,0,629,0.020854054770903786,629,0.020854054770903786,0,NA,NA,20
CFG07,age,30162,30162,0,621,0.020588820370001988,621,0.020588820370001988,0,NA,NA,21
CFG07,age,30162,30162,0,674,0.022345998275976393,674,0.022345998275976393,0,NA,NA,22
CFG07,age,30162,30162,0,824,0.027319143292885088,824,0.027319143292885088,0,NA,NA,23
CFG07,age,30162,30162,0,752,0.024932033684768914,752,0.024932033684768914,0,NA,NA,24
CFG07,age,30162,30162,0,799,0.026490285790066972,799,0.026490285790066972,0,NA,NA,25
CFG07,age,30162,30162,0,745,0.024699953583979844,745,0.024699953583979844,0,NA,NA,26
CFG07,age,30162,30162,0,789,0.026158742788939725,789,0.026158742788939725,0,NA,NA,27
CFG07,age,30162,30162,0,808,0.026788674491081493,808,0.026788674491081493,0,NA,NA,28
CFG07,age,30162,30162,0,774,0.025661428287248857,774,0.025661428287248857,0,NA,NA,29
CFG07,age,30162,30162,0,813,0.026954445991645117,813,0.026954445991645117,0,NA,NA,30
CFG07,age,30162,30162,0,851,0.028214309395928651,851,0.028214309395928651,0,NA,NA,31
CFG07,age,30162,30162,0,789,0.026158742788939725,789,0.026158742788939725,0,NA,NA,32
CFG07,age,30162,30162,0,837,0.027750149194350506,837,0.027750149194350506,0,NA,NA,33
CFG07,age,30162,30162,0,836,0.027716994894237783,836,0.027716994894237783,0,NA,NA,34
CFG07,age,30162,30162,0,828,0.027451760493335985,828,0.027451760493335985,0,NA,NA,35
CFG07,age,30162,30162,0,852,0.028247463696041378,852,0.028247463696041378,0,NA,NA,36
CFG07,age,30162,30162,0,828,0.027451760493335985,828,0.027451760493335985,0,NA,NA,37
CFG07,age,30162,30162,0,791,0.026225051389165175,791,0.026225051389165175,0,NA,NA,38
CFG07,age,30162,30162,0,786,0.026059279888601551,786,0.026059279888601551,0,NA,NA,39
CFG07,age,30162,30162,0,765,0.025363039586234336,765,0.025363039586234336,0,NA,NA,40
CFG07,age,30162,30162,0,769,0.025495656786685233,769,0.025495656786685233,0,NA,NA,41
CFG07,age,30162,30162,0,741,0.024567336383528943,741,0.024567336383528943,0,NA,NA,42
CFG07,age,30162,30162,0,743,0.024633644983754394,743,0.024633644983754394,0,NA,NA,43
CFG07,age,30162,30162,0,704,0.023340627279358133,704,0.023340627279358133,0,NA,NA,44
CFG07,age,30162,30162,0,706,0.023406935879583583,706,0.023406935879583583,0,NA,NA,45
CFG07,age,30162,30162,0,711,0.023572707380147204,711,0.023572707380147204,0,NA,NA,46
CFG07,age,30162,30162,0,683,0.022644386976990914,683,0.022644386976990914,0,NA,NA,47
CFG07,age,30162,30162,0,523,0.017339698958954975,523,0.017339698958954975,0,NA,NA,48
CFG07,age,30162,30162,0,555,0.018400636562562165,555,0.018400636562562165,0,NA,NA,49
CFG07,age,30162,30162,0,575,0.019063722564816657,575,0.019063722564816657,0,NA,NA,50
CFG07,age,30162,30162,0,571,0.01893110536436576,571,0.01893110536436576,0,NA,NA,51
CFG07,age,30162,30162,0,455,0.015085206551289702,455,0.015085206551289702,0,NA,NA,52
CFG07,age,30162,30162,0,448,0.014853126450500629,448,0.014853126450500629,0,NA,NA,53
CFG07,age,30162,30162,0,394,0.013062794244413501,394,0.013062794244413501,0,NA,NA,54
CFG07,age,30162,30162,0,386,0.012797559843511703,386,0.012797559843511703,0,NA,NA,55
CFG07,age,30162,30162,0,343,0.011371924938664544,343,0.011371924938664544,0,NA,NA,56
CFG07,age,30162,30162,0,337,0.011172999137988197,337,0.011172999137988197,0,NA,NA,57
CFG07,age,30162,30162,0,344,0.011405079238777269,344,0.011405079238777269,0,NA,NA,58
CFG07,age,30162,30162,0,332,0.011007227637424575,332,0.011007227637424575,0,NA,NA,59
CFG07,age,30162,30162,0,276,0.0091505868311119957,276,0.0091505868311119957,0,NA,NA,60
CFG07,age,30162,30162,0,259,0.0085869637291956773,259,0.0085869637291956773,0,NA,NA,61
CFG07,age,30162,30162,0,213,0.0070618659240103444,213,0.0070618659240103444,0,NA,NA,62
CFG07,age,30162,30162,0,186,0.0061666998209667792,186,0.0061666998209667792,0,NA,NA,63
CFG07,age,30162,30162,0,173,0.0057356939195013596,173,0.0057356939195013596,0,NA,NA,64
CFG07,age,30162,30162,0,136,0.0045089848153305485,136,0.0045089848153305485,0,NA,NA,65
CFG07,age,30162,30162,0,110,0.0036469730123997084,110,0.0036469730123997084,0,NA,NA,66
CFG07,age,30162,30162,0,111,0.0036801273125124326,111,0.0036801273125124326,0,NA,NA,67
CFG07,age,30162,30162,0,90,0.002983887010145216,90,0.002983887010145216,0,NA,NA,68
CFG07,age,30162,30162,0,80,0.0026523440090179696,80,0.0026523440090179696,0,NA,NA,69
CFG07,age,30162,30162,0,64,0.0021218752072143755,64,0.0021218752072143755,0,NA,NA,70
CFG07,age,30162,30162,0,54,0.0017903322060871295,54,0.0017903322060871295,0,NA,NA,71
CFG07,age,30162,30162,0,40,0.0013261720045089848,40,0.0013261720045089848,0,NA,NA,72
CFG07,age,30162,30162,0,49,0.0016245607055235063,49,0.0016245607055235063,0,NA,NA,73
CFG07,age,30162,30162,0,38,0.0012598634042835356,38,0.0012598634042835356,0,NA,NA,74
CFG07,age,30162,30162,0,34,0.0011272462038326371,34,0.0011272462038326371,0,NA,NA,75
CFG07,age,30162,30162,0,29,0.00096147470326901402,29,0.00096147470326901402,0,NA,NA,76
CFG07,age,30162,30162,0,20,0.0006630860022544924,20,0.0006630860022544924,0,NA,NA,77
CFG07,age,30162,30162,0,14,0.00046416020157814467,14,0.00046416020157814467,0,NA,NA,78
CFG07,age,30162,30162,0,15,0.0004973145016908693,15,0.0004973145016908693,0,NA,NA,79
CFG07,age,30162,30162,0,16,0.00053046880180359387,16,0.00053046880180359387,0,NA,NA,80
CFG07,age,30162,30162,0,13,0.00043100590146542009,13,0.00043100590146542009,0,NA,NA,81
CFG07,age,30162,30162,0,7,0.00023208010078907233,7,0.00023208010078907233,0,NA,NA,82
CFG07,age,30162,30162,0,5,0.0001657715005636231,5,0.0001657715005636231,0,NA,NA,83
CFG07,age,30162,30162,0,8,0.00026523440090179694,8,0.00026523440090179694,0,NA,NA,84
CFG07,age,30162,30162,0,3,9.9462900338173865e-05,3,9.9462900338173865e-05,0,NA,NA,85
CFG07,age,30162,30162,0,1,3.3154300112724617e-05,1,3.3154300112724617e-05,0,NA,NA,86
CFG07,age,30162,30162,0,3,9.9462900338173865e-05,3,9.9462900338173865e-05,0,NA,NA,88
CFG07,age,30162,30162,0,35,0.0011604005039453618,35,0.0011604005039453618,0,NA,NA,90
CFG07,education,30162,30162,0,820,0.027186526092434188,820,0.027186526092434188,0,NA,NA,10th
CFG07,education,30162,30162,0,1048,0.034745706518135404,1048,0.034745706518135404,0,NA,NA,11th
CFG07,education,30162,30162,0,377,0.012499171142497182,377,0.012499171142497182,0,NA,NA,12th
CFG07,education,30162,30162,0,151,0.0050062993170214174,151,0.0050062993170214174,0,NA,NA,1st-4th
CFG07,education,30162,30162,0,288,0.0095484384324646902,288,0.0095484384324646902,0,NA,NA,5th-6th
CFG07,education,30162,30162,0,557,0.018466945162787615,557,0.018466945162787615,0,NA,NA,7th-8th
CFG07,education,30162,30162,0,455,0.015085206551289702,455,0.015085206551289702,0,NA,NA,9th
CFG07,education,30162,30162,0,1008,0.03341953451362642,1008,0.03341953451362642,0,NA,NA,Assoc-acdm
CFG07,education,30162,30162,0,1307,0.043332670247331076,1307,0.043332670247331076,0,NA,NA,Assoc-voc
CFG07,education,30162,30162,0,5044,0.16723028976858298,5044,0.16723028976858298,0,NA,NA,Bachelors
CFG07,education,30162,30162,0,375,0.012432862542271732,375,0.012432862542271732,0,NA,NA,Doctorate
CFG07,education,30162,30162,0,9840,0.32623831310921025,9840,0.32623831310921025,0,NA,NA,HS-grad
CFG07,education,30162,30162,0,1627,0.053942046283402954,1627,0.053942046283402954,0,NA,NA,Masters
CFG07,education,30162,30162,0,45,0.001491943505072608,45,0.001491943505072608,0,NA,NA,Preschool
CFG07,education,30162,30162,0,542,0.017969630661096744,542,0.017969630661096744,0,NA,NA,Prof-school
CFG07,education,30162,30162,0,6678,0.22140441615277501,6678,0.22140441615277501,0,NA,NA,Some-college
CFG07,marital-status,30162,30162,0,4214,0.13971222067502154,4214,0.13971222067502154,0,NA,NA,Divorced
CFG07,marital-status,30162,30162,0,21,0.00069624030236721708,21,0.00069624030236721708,0,NA,NA,Married-AF-spouse
CFG07,marital-status,30162,30162,0,14065,0.46631523108547179,14065,0.46631523108547179,0,NA,NA,Married-civ-spouse
CFG07,marital-status,30162,30162,0,370,0.01226709104170811,370,0.01226709104170811,0,NA,NA,Married-spouse-absent
CFG07,marital-status,30162,30162,0,9726,0.32245872289635968,9726,0.32245872289635968,0,NA,NA,Never-married
CFG07,marital-status,30162,30162,0,939,0.03113188780584842,939,0.03113188780584842,0,NA,NA,Separated
CFG07,marital-status,30162,30162,0,827,0.027418606193223262,827,0.027418606193223262,0,NA,NA,Widowed
CFG07,native-country,30162,30162,0,18,0.00059677740202904314,18,0.00059677740202904314,0,NA,NA,Cambodia
CFG07,native-country,30162,30162,0,107,0.0035475101120615343,107,0.0035475101120615343,0,NA,NA,Canada
CFG07,native-country,30162,30162,0,68,0.0022544924076652742,68,0.0022544924076652742,0,NA,NA,China
CFG07,native-country,30162,30162,0,56,0.0018566408063125787,56,0.0018566408063125787,0,NA,NA,Columbia
CFG07,native-country,30162,30162,0,92,0.0030501956103706649,92,0.0030501956103706649,0,NA,NA,Cuba
CFG07,native-country,30162,30162,0,67,0.0022213381075525496,67,0.0022213381075525496,0,NA,NA,Dominican-Republic
CFG07,native-country,30162,30162,0,27,0.00089516610304356476,27,0.00089516610304356476,0,NA,NA,Ecuador
CFG07,native-country,30162,30162,0,100,0.003315430011272462,100,0.003315430011272462,0,NA,NA,El-Salvador
CFG07,native-country,30162,30162,0,86,0.0028512698096943173,86,0.0028512698096943173,0,NA,NA,England
CFG07,native-country,30162,30162,0,27,0.00089516610304356476,27,0.00089516610304356476,0,NA,NA,France
CFG07,native-country,30162,30162,0,128,0.004243750414428751,128,0.004243750414428751,0,NA,NA,Germany
CFG07,native-country,30162,30162,0,29,0.00096147470326901402,29,0.00096147470326901402,0,NA,NA,Greece
CFG07,native-country,30162,30162,0,63,0.0020887209071016512,63,0.0020887209071016512,0,NA,NA,Guatemala
CFG07,native-country,30162,30162,0,42,0.0013924806047344342,42,0.0013924806047344342,0,NA,NA,Haiti
CFG07,native-country,30162,30162,0,1,3.3154300112724617e-05,1,3.3154300112724617e-05,0,NA,NA,Holand-Netherlands
CFG07,native-country,30162,30162,0,12,0.00039785160135269546,12,0.00039785160135269546,0,NA,NA,Honduras
CFG07,native-country,30162,30162,0,19,0.00062993170214176782,19,0.00062993170214176782,0,NA,NA,Hong
CFG07,native-country,30162,30162,0,13,0.00043100590146542009,13,0.00043100590146542009,0,NA,NA,Hungary
CFG07,native-country,30162,30162,0,100,0.003315430011272462,100,0.003315430011272462,0,NA,NA,India
CFG07,native-country,30162,30162,0,42,0.0013924806047344342,42,0.0013924806047344342,0,NA,NA,Iran
CFG07,native-country,30162,30162,0,24,0.00079570320270539092,24,0.00079570320270539092,0,NA,NA,Ireland
CFG07,native-country,30162,30162,0,68,0.0022544924076652742,68,0.0022544924076652742,0,NA,NA,Italy
CFG07,native-country,30162,30162,0,80,0.0026523440090179696,80,0.0026523440090179696,0,NA,NA,Jamaica
CFG07,native-country,30162,30162,0,59,0.0019561037066507525,59,0.0019561037066507525,0,NA,NA,Japan
CFG07,native-country,30162,30162,0,17,0.00056362310191631856,17,0.00056362310191631856,0,NA,NA,Laos
CFG07,native-country,30162,30162,0,610,0.020224123068762017,610,0.020224123068762017,0,NA,NA,Mexico
CFG07,native-country,30162,30162,0,33,0.0010940919037199124,33,0.0010940919037199124,0,NA,NA,Nicaragua
CFG07,native-country,30162,30162,0,14,0.00046416020157814467,14,0.00046416020157814467,0,NA,NA,Outlying-US(Guam-USVI-etc)
CFG07,native-country,30162,30162,0,30,0.00099462900338173859,30,0.00099462900338173859,0,NA,NA,Peru
CFG07,native-country,30162,30162,0,188,0.0062330084211922286,188,0.0062330084211922286,0,NA,NA,Philippines
CFG07,native-country,30162,30162,0,56,0.0018566408063125787,56,0.0018566408063125787,0,NA,NA,Poland
CFG07,native-country,30162,30162,0,34,0.0011272462038326371,34,0.0011272462038326371,0,NA,NA,Portugal
CFG07,native-country,30162,30162,0,109,0.0036138187122869837,109,0.0036138187122869837,0,NA,NA,Puerto-Rico
CFG07,native-country,30162,30162,0,11,0.00036469730123997083,11,0.00036469730123997083,0,NA,NA,Scotland
CFG07,native-country,30162,30162,0,71,0.0023539553080034479,71,0.0023539553080034479,0,NA,NA,South
CFG07,native-country,30162,30162,0,42,0.0013924806047344342,42,0.0013924806047344342,0,NA,NA,Taiwan
CFG07,native-country,30162,30162,0,17,0.00056362310191631856,17,0.00056362310191631856,0,NA,NA,Thailand
CFG07,native-country,30162,30162,0,18,0.00059677740202904314,18,0.00059677740202904314,0,NA,NA,Trinadad&Tobago
CFG07,native-country,30162,30162,0,27504,0.91187587030037798,27504,0.91187587030037798,0,NA,NA,United-States
CFG07,native-country,30162,30162,0,64,0.0021218752072143755,64,0.0021218752072143755,0,NA,NA,Vietnam
CFG07,native-country,30162,30162,0,16,0.00053046880180359387,16,0.00053046880180359387,0,NA,NA,Yugoslavia
CFG07,occupation,30162,30162,0,3721,0.12336715071944832,3721,0.12336715071944832,0,NA,NA,Adm-clerical
CFG07,occupation,30162,30162,0,9,0.00029838870101452157,9,0.00029838870101452157,0,NA,NA,Armed-Forces
CFG07,occupation,30162,30162,0,4030,0.13361182945428021,4030,0.13361182945428021,0,NA,NA,Craft-repair
CFG07,occupation,30162,30162,0,3992,0.13235196604999669,3992,0.13235196604999669,0,NA,NA,Exec-managerial
CFG07,occupation,30162,30162,0,989,0.032789602811484651,989,0.032789602811484651,0,NA,NA,Farming-fishing
CFG07,occupation,30162,30162,0,1350,0.04475830515217824,1350,0.04475830515217824,0,NA,NA,Handlers-cleaners
CFG07,occupation,30162,30162,0,1966,0.065181354021616608,1966,0.065181354021616608,0,NA,NA,Machine-op-inspct
CFG07,occupation,30162,30162,0,3212,0.10649161196207148,3212,0.10649161196207148,0,NA,NA,Other-service
CFG07,occupation,30162,30162,0,143,0.0047410649161196208,143,0.0047410649161196208,0,NA,NA,Priv-house-serv
CFG07,occupation,30162,30162,0,4038,0.13387706385518203,4038,0.13387706385518203,0,NA,NA,Prof-specialty
CFG07,occupation,30162,30162,0,644,0.021351369272594657,644,0.021351369272594657,0,NA,NA,Protective-serv
CFG07,occupation,30162,30162,0,3584,0.11882501160400503,3584,0.11882501160400503,0,NA,NA,Sales
CFG07,occupation,30162,30162,0,912,0.030236721702804854,912,0.030236721702804854,0,NA,NA,Tech-support
CFG07,occupation,30162,30162,0,1572,0.052118559777203102,1572,0.052118559777203102,0,NA,NA,Transport-moving
CFG07,race,30162,30162,0,286,0.0094821298322392417,286,0.0094821298322392417,0,NA,NA,Amer-Indian-Eskimo
CFG07,race,30162,30162,0,895,0.029673098600888535,895,0.029673098600888535,0,NA,NA,Asian-Pac-Islander
CFG07,race,30162,30162,0,2817,0.093395663417545252,2817,0.093395663417545252,0,NA,NA,Black
CFG07,race,30162,30162,0,231,0.007658643326039387,231,0.007658643326039387,0,NA,NA,Other
CFG07,race,30162,30162,0,25933,0.85979046482328758,25933,0.85979046482328758,0,NA,NA,White
CFG07,salary-class,30162,30162,0,22654,0.75107751475366358,22654,0.75107751475366358,0,NA,NA,<=50K
CFG07,salary-class,30162,30162,0,7508,0.24892248524633645,7508,0.24892248524633645,0,NA,NA,>50K
CFG07,sex,30162,30162,0,9782,0.32431536370267222,9782,0.32431536370267222,0,NA,NA,Female
CFG07,sex,30162,30162,0,20380,0.67568463629732778,20380,0.67568463629732778,0,NA,NA,Male
CFG07,workclass,30162,30162,0,943,0.03126450500629932,943,0.03126450500629932,0,NA,NA,Federal-gov
CFG07,workclass,30162,30162,0,2067,0.068529938333001791,2067,0.068529938333001791,0,NA,NA,Local-gov
CFG07,workclass,30162,30162,0,22286,0.73887673231218087,22286,0.73887673231218087,0,NA,NA,Private
CFG07,workclass,30162,30162,0,1074,0.03560771832106624,1074,0.03560771832106624,0,NA,NA,Self-emp-inc
CFG07,workclass,30162,30162,0,2499,0.082852595981698821,2499,0.082852595981698821,0,NA,NA,Self-emp-not-inc
CFG07,workclass,30162,30162,0,1279,0.042404349844174787,1279,0.042404349844174787,0,NA,NA,State-gov
CFG07,workclass,30162,30162,0,14,0.00046416020157814467,14,0.00046416020157814467,0,NA,NA,Without-pay
CFG08,age,30162,30162,0,328,0.010874610436973676,328,0.010874610436973676,0,NA,NA,17
CFG08,age,30162,30162,0,447,0.014819972150387906,447,0.014819972150387906,0,NA,NA,18
CFG08,age,30162,30162,0,594,0.019693654266958426,594,0.019693654266958426,0,NA,NA,19
CFG08,age,30162,30162,0,629,0.020854054770903786,629,0.020854054770903786,0,NA,NA,20
CFG08,age,30162,30162,0,621,0.020588820370001988,621,0.020588820370001988,0,NA,NA,21
CFG08,age,30162,30162,0,674,0.022345998275976393,674,0.022345998275976393,0,NA,NA,22
CFG08,age,30162,30162,0,824,0.027319143292885088,824,0.027319143292885088,0,NA,NA,23
CFG08,age,30162,30162,0,752,0.024932033684768914,752,0.024932033684768914,0,NA,NA,24
CFG08,age,30162,30162,0,799,0.026490285790066972,799,0.026490285790066972,0,NA,NA,25
CFG08,age,30162,30162,0,745,0.024699953583979844,745,0.024699953583979844,0,NA,NA,26
CFG08,age,30162,30162,0,789,0.026158742788939725,789,0.026158742788939725,0,NA,NA,27
CFG08,age,30162,30162,0,808,0.026788674491081493,808,0.026788674491081493,0,NA,NA,28
CFG08,age,30162,30162,0,774,0.025661428287248857,774,0.025661428287248857,0,NA,NA,29
CFG08,age,30162,30162,0,813,0.026954445991645117,813,0.026954445991645117,0,NA,NA,30
CFG08,age,30162,30162,0,851,0.028214309395928651,851,0.028214309395928651,0,NA,NA,31
CFG08,age,30162,30162,0,789,0.026158742788939725,789,0.026158742788939725,0,NA,NA,32
CFG08,age,30162,30162,0,837,0.027750149194350506,837,0.027750149194350506,0,NA,NA,33
CFG08,age,30162,30162,0,836,0.027716994894237783,836,0.027716994894237783,0,NA,NA,34
CFG08,age,30162,30162,0,828,0.027451760493335985,828,0.027451760493335985,0,NA,NA,35
CFG08,age,30162,30162,0,852,0.028247463696041378,852,0.028247463696041378,0,NA,NA,36
CFG08,age,30162,30162,0,828,0.027451760493335985,828,0.027451760493335985,0,NA,NA,37
CFG08,age,30162,30162,0,791,0.026225051389165175,791,0.026225051389165175,0,NA,NA,38
CFG08,age,30162,30162,0,786,0.026059279888601551,786,0.026059279888601551,0,NA,NA,39
CFG08,age,30162,30162,0,765,0.025363039586234336,765,0.025363039586234336,0,NA,NA,40
CFG08,age,30162,30162,0,769,0.025495656786685233,769,0.025495656786685233,0,NA,NA,41
CFG08,age,30162,30162,0,741,0.024567336383528943,741,0.024567336383528943,0,NA,NA,42
CFG08,age,30162,30162,0,743,0.024633644983754394,743,0.024633644983754394,0,NA,NA,43
CFG08,age,30162,30162,0,704,0.023340627279358133,704,0.023340627279358133,0,NA,NA,44
CFG08,age,30162,30162,0,706,0.023406935879583583,706,0.023406935879583583,0,NA,NA,45
CFG08,age,30162,30162,0,711,0.023572707380147204,711,0.023572707380147204,0,NA,NA,46
CFG08,age,30162,30162,0,683,0.022644386976990914,683,0.022644386976990914,0,NA,NA,47
CFG08,age,30162,30162,0,523,0.017339698958954975,523,0.017339698958954975,0,NA,NA,48
CFG08,age,30162,30162,0,555,0.018400636562562165,555,0.018400636562562165,0,NA,NA,49
CFG08,age,30162,30162,0,575,0.019063722564816657,575,0.019063722564816657,0,NA,NA,50
CFG08,age,30162,30162,0,571,0.01893110536436576,571,0.01893110536436576,0,NA,NA,51
CFG08,age,30162,30162,0,455,0.015085206551289702,455,0.015085206551289702,0,NA,NA,52
CFG08,age,30162,30162,0,448,0.014853126450500629,448,0.014853126450500629,0,NA,NA,53
CFG08,age,30162,30162,0,394,0.013062794244413501,394,0.013062794244413501,0,NA,NA,54
CFG08,age,30162,30162,0,386,0.012797559843511703,386,0.012797559843511703,0,NA,NA,55
CFG08,age,30162,30162,0,343,0.011371924938664544,343,0.011371924938664544,0,NA,NA,56
CFG08,age,30162,30162,0,337,0.011172999137988197,337,0.011172999137988197,0,NA,NA,57
CFG08,age,30162,30162,0,344,0.011405079238777269,344,0.011405079238777269,0,NA,NA,58
CFG08,age,30162,30162,0,332,0.011007227637424575,332,0.011007227637424575,0,NA,NA,59
CFG08,age,30162,30162,0,276,0.0091505868311119957,276,0.0091505868311119957,0,NA,NA,60
CFG08,age,30162,30162,0,259,0.0085869637291956773,259,0.0085869637291956773,0,NA,NA,61
CFG08,age,30162,30162,0,213,0.0070618659240103444,213,0.0070618659240103444,0,NA,NA,62
CFG08,age,30162,30162,0,186,0.0061666998209667792,186,0.0061666998209667792,0,NA,NA,63
CFG08,age,30162,30162,0,173,0.0057356939195013596,173,0.0057356939195013596,0,NA,NA,64
CFG08,age,30162,30162,0,136,0.0045089848153305485,136,0.0045089848153305485,0,NA,NA,65
CFG08,age,30162,30162,0,110,0.0036469730123997084,110,0.0036469730123997084,0,NA,NA,66
CFG08,age,30162,30162,0,111,0.0036801273125124326,111,0.0036801273125124326,0,NA,NA,67
CFG08,age,30162,30162,0,90,0.002983887010145216,90,0.002983887010145216,0,NA,NA,68
CFG08,age,30162,30162,0,80,0.0026523440090179696,80,0.0026523440090179696,0,NA,NA,69
CFG08,age,30162,30162,0,64,0.0021218752072143755,64,0.0021218752072143755,0,NA,NA,70
CFG08,age,30162,30162,0,54,0.0017903322060871295,54,0.0017903322060871295,0,NA,NA,71
CFG08,age,30162,30162,0,40,0.0013261720045089848,40,0.0013261720045089848,0,NA,NA,72
CFG08,age,30162,30162,0,49,0.0016245607055235063,49,0.0016245607055235063,0,NA,NA,73
CFG08,age,30162,30162,0,38,0.0012598634042835356,38,0.0012598634042835356,0,NA,NA,74
CFG08,age,30162,30162,0,34,0.0011272462038326371,34,0.0011272462038326371,0,NA,NA,75
CFG08,age,30162,30162,0,29,0.00096147470326901402,29,0.00096147470326901402,0,NA,NA,76
CFG08,age,30162,30162,0,20,0.0006630860022544924,20,0.0006630860022544924,0,NA,NA,77
CFG08,age,30162,30162,0,14,0.00046416020157814467,14,0.00046416020157814467,0,NA,NA,78
CFG08,age,30162,30162,0,15,0.0004973145016908693,15,0.0004973145016908693,0,NA,NA,79
CFG08,age,30162,30162,0,16,0.00053046880180359387,16,0.00053046880180359387,0,NA,NA,80
CFG08,age,30162,30162,0,13,0.00043100590146542009,13,0.00043100590146542009,0,NA,NA,81
CFG08,age,30162,30162,0,7,0.00023208010078907233,7,0.00023208010078907233,0,NA,NA,82
CFG08,age,30162,30162,0,5,0.0001657715005636231,5,0.0001657715005636231,0,NA,NA,83
CFG08,age,30162,30162,0,8,0.00026523440090179694,8,0.00026523440090179694,0,NA,NA,84
CFG08,age,30162,30162,0,3,9.9462900338173865e-05,3,9.9462900338173865e-05,0,NA,NA,85
CFG08,age,30162,30162,0,1,3.3154300112724617e-05,1,3.3154300112724617e-05,0,NA,NA,86
CFG08,age,30162,30162,0,3,9.9462900338173865e-05,3,9.9462900338173865e-05,0,NA,NA,88
CFG08,age,30162,30162,0,35,0.0011604005039453618,35,0.0011604005039453618,0,NA,NA,90
CFG08,education,30162,30162,0,820,0.027186526092434188,820,0.027186526092434188,0,NA,NA,10th
CFG08,education,30162,30162,0,1048,0.034745706518135404,1048,0.034745706518135404,0,NA,NA,11th
CFG08,education,30162,30162,0,377,0.012499171142497182,377,0.012499171142497182,0,NA,NA,12th
CFG08,education,30162,30162,0,151,0.0050062993170214174,151,0.0050062993170214174,0,NA,NA,1st-4th
CFG08,education,30162,30162,0,288,0.0095484384324646902,288,0.0095484384324646902,0,NA,NA,5th-6th
CFG08,education,30162,30162,0,557,0.018466945162787615,557,0.018466945162787615,0,NA,NA,7th-8th
CFG08,education,30162,30162,0,455,0.015085206551289702,455,0.015085206551289702,0,NA,NA,9th
CFG08,education,30162,30162,0,1008,0.03341953451362642,1008,0.03341953451362642,0,NA,NA,Assoc-acdm
CFG08,education,30162,30162,0,1307,0.043332670247331076,1307,0.043332670247331076,0,NA,NA,Assoc-voc
CFG08,education,30162,30162,0,5044,0.16723028976858298,5044,0.16723028976858298,0,NA,NA,Bachelors
CFG08,education,30162,30162,0,375,0.012432862542271732,375,0.012432862542271732,0,NA,NA,Doctorate
CFG08,education,30162,30162,0,9840,0.32623831310921025,9840,0.32623831310921025,0,NA,NA,HS-grad
CFG08,education,30162,30162,0,1627,0.053942046283402954,1627,0.053942046283402954,0,NA,NA,Masters
CFG08,education,30162,30162,0,45,0.001491943505072608,45,0.001491943505072608,0,NA,NA,Preschool
CFG08,education,30162,30162,0,542,0.017969630661096744,542,0.017969630661096744,0,NA,NA,Prof-school
CFG08,education,30162,30162,0,6678,0.22140441615277501,6678,0.22140441615277501,0,NA,NA,Some-college
CFG08,marital-status,30162,30162,0,4214,0.13971222067502154,4214,0.13971222067502154,0,NA,NA,Divorced
CFG08,marital-status,30162,30162,0,21,0.00069624030236721708,21,0.00069624030236721708,0,NA,NA,Married-AF-spouse
CFG08,marital-status,30162,30162,0,14065,0.46631523108547179,14065,0.46631523108547179,0,NA,NA,Married-civ-spouse
CFG08,marital-status,30162,30162,0,370,0.01226709104170811,370,0.01226709104170811,0,NA,NA,Married-spouse-absent
CFG08,marital-status,30162,30162,0,9726,0.32245872289635968,9726,0.32245872289635968,0,NA,NA,Never-married
CFG08,marital-status,30162,30162,0,939,0.03113188780584842,939,0.03113188780584842,0,NA,NA,Separated
CFG08,marital-status,30162,30162,0,827,0.027418606193223262,827,0.027418606193223262,0,NA,NA,Widowed
CFG08,native-country,30162,30162,0,18,0.00059677740202904314,18,0.00059677740202904314,0,NA,NA,Cambodia
CFG08,native-country,30162,30162,0,107,0.0035475101120615343,107,0.0035475101120615343,0,NA,NA,Canada
CFG08,native-country,30162,30162,0,68,0.0022544924076652742,68,0.0022544924076652742,0,NA,NA,China
CFG08,native-country,30162,30162,0,56,0.0018566408063125787,56,0.0018566408063125787,0,NA,NA,Columbia
CFG08,native-country,30162,30162,0,92,0.0030501956103706649,92,0.0030501956103706649,0,NA,NA,Cuba
CFG08,native-country,30162,30162,0,67,0.0022213381075525496,67,0.0022213381075525496,0,NA,NA,Dominican-Republic
CFG08,native-country,30162,30162,0,27,0.00089516610304356476,27,0.00089516610304356476,0,NA,NA,Ecuador
CFG08,native-country,30162,30162,0,100,0.003315430011272462,100,0.003315430011272462,0,NA,NA,El-Salvador
CFG08,native-country,30162,30162,0,86,0.0028512698096943173,86,0.0028512698096943173,0,NA,NA,England
CFG08,native-country,30162,30162,0,27,0.00089516610304356476,27,0.00089516610304356476,0,NA,NA,France
CFG08,native-country,30162,30162,0,128,0.004243750414428751,128,0.004243750414428751,0,NA,NA,Germany
CFG08,native-country,30162,30162,0,29,0.00096147470326901402,29,0.00096147470326901402,0,NA,NA,Greece
CFG08,native-country,30162,30162,0,63,0.0020887209071016512,63,0.0020887209071016512,0,NA,NA,Guatemala
CFG08,native-country,30162,30162,0,42,0.0013924806047344342,42,0.0013924806047344342,0,NA,NA,Haiti
CFG08,native-country,30162,30162,0,1,3.3154300112724617e-05,1,3.3154300112724617e-05,0,NA,NA,Holand-Netherlands
CFG08,native-country,30162,30162,0,12,0.00039785160135269546,12,0.00039785160135269546,0,NA,NA,Honduras
CFG08,native-country,30162,30162,0,19,0.00062993170214176782,19,0.00062993170214176782,0,NA,NA,Hong
CFG08,native-country,30162,30162,0,13,0.00043100590146542009,13,0.00043100590146542009,0,NA,NA,Hungary
CFG08,native-country,30162,30162,0,100,0.003315430011272462,100,0.003315430011272462,0,NA,NA,India
CFG08,native-country,30162,30162,0,42,0.0013924806047344342,42,0.0013924806047344342,0,NA,NA,Iran
CFG08,native-country,30162,30162,0,24,0.00079570320270539092,24,0.00079570320270539092,0,NA,NA,Ireland
CFG08,native-country,30162,30162,0,68,0.0022544924076652742,68,0.0022544924076652742,0,NA,NA,Italy
CFG08,native-country,30162,30162,0,80,0.0026523440090179696,80,0.0026523440090179696,0,NA,NA,Jamaica
CFG08,native-country,30162,30162,0,59,0.0019561037066507525,59,0.0019561037066507525,0,NA,NA,Japan
CFG08,native-country,30162,30162,0,17,0.00056362310191631856,17,0.00056362310191631856,0,NA,NA,Laos
CFG08,native-country,30162,30162,0,610,0.020224123068762017,610,0.020224123068762017,0,NA,NA,Mexico
CFG08,native-country,30162,30162,0,33,0.0010940919037199124,33,0.0010940919037199124,0,NA,NA,Nicaragua
CFG08,native-country,30162,30162,0,14,0.00046416020157814467,14,0.00046416020157814467,0,NA,NA,Outlying-US(Guam-USVI-etc)
CFG08,native-country,30162,30162,0,30,0.00099462900338173859,30,0.00099462900338173859,0,NA,NA,Peru
CFG08,native-country,30162,30162,0,188,0.0062330084211922286,188,0.0062330084211922286,0,NA,NA,Philippines
CFG08,native-country,30162,30162,0,56,0.0018566408063125787,56,0.0018566408063125787,0,NA,NA,Poland
CFG08,native-country,30162,30162,0,34,0.0011272462038326371,34,0.0011272462038326371,0,NA,NA,Portugal
CFG08,native-country,30162,30162,0,109,0.0036138187122869837,109,0.0036138187122869837,0,NA,NA,Puerto-Rico
CFG08,native-country,30162,30162,0,11,0.00036469730123997083,11,0.00036469730123997083,0,NA,NA,Scotland
CFG08,native-country,30162,30162,0,71,0.0023539553080034479,71,0.0023539553080034479,0,NA,NA,South
CFG08,native-country,30162,30162,0,42,0.0013924806047344342,42,0.0013924806047344342,0,NA,NA,Taiwan
CFG08,native-country,30162,30162,0,17,0.00056362310191631856,17,0.00056362310191631856,0,NA,NA,Thailand
CFG08,native-country,30162,30162,0,18,0.00059677740202904314,18,0.00059677740202904314,0,NA,NA,Trinadad&Tobago
CFG08,native-country,30162,30162,0,27504,0.91187587030037798,27504,0.91187587030037798,0,NA,NA,United-States
CFG08,native-country,30162,30162,0,64,0.0021218752072143755,64,0.0021218752072143755,0,NA,NA,Vietnam
CFG08,native-country,30162,30162,0,16,0.00053046880180359387,16,0.00053046880180359387,0,NA,NA,Yugoslavia
CFG08,occupation,30162,30162,0,3721,0.12336715071944832,3721,0.12336715071944832,0,NA,NA,Adm-clerical
CFG08,occupation,30162,30162,0,9,0.00029838870101452157,9,0.00029838870101452157,0,NA,NA,Armed-Forces
CFG08,occupation,30162,30162,0,4030,0.13361182945428021,4030,0.13361182945428021,0,NA,NA,Craft-repair
CFG08,occupation,30162,30162,0,3992,0.13235196604999669,3992,0.13235196604999669,0,NA,NA,Exec-managerial
CFG08,occupation,30162,30162,0,989,0.032789602811484651,989,0.032789602811484651,0,NA,NA,Farming-fishing
CFG08,occupation,30162,30162,0,1350,0.04475830515217824,1350,0.04475830515217824,0,NA,NA,Handlers-cleaners
CFG08,occupation,30162,30162,0,1966,0.065181354021616608,1966,0.065181354021616608,0,NA,NA,Machine-op-inspct
CFG08,occupation,30162,30162,0,3212,0.10649161196207148,3212,0.10649161196207148,0,NA,NA,Other-service
CFG08,occupation,30162,30162,0,143,0.0047410649161196208,143,0.0047410649161196208,0,NA,NA,Priv-house-serv
CFG08,occupation,30162,30162,0,4038,0.13387706385518203,4038,0.13387706385518203,0,NA,NA,Prof-specialty
CFG08,occupation,30162,30162,0,644,0.021351369272594657,644,0.021351369272594657,0,NA,NA,Protective-serv
CFG08,occupation,30162,30162,0,3584,0.11882501160400503,3584,0.11882501160400503,0,NA,NA,Sales
CFG08,occupation,30162,30162,0,912,0.030236721702804854,912,0.030236721702804854,0,NA,NA,Tech-support
CFG08,occupation,30162,30162,0,1572,0.052118559777203102,1572,0.052118559777203102,0,NA,NA,Transport-moving
CFG08,race,30162,30162,0,286,0.0094821298322392417,286,0.0094821298322392417,0,NA,NA,Amer-Indian-Eskimo
CFG08,race,30162,30162,0,895,0.029673098600888535,895,0.029673098600888535,0,NA,NA,Asian-Pac-Islander
CFG08,race,30162,30162,0,2817,0.093395663417545252,2817,0.093395663417545252,0,NA,NA,Black
CFG08,race,30162,30162,0,231,0.007658643326039387,231,0.007658643326039387,0,NA,NA,Other
CFG08,race,30162,30162,0,25933,0.85979046482328758,25933,0.85979046482328758,0,NA,NA,White
CFG08,salary-class,30162,30162,0,22654,0.75107751475366358,22654,0.75107751475366358,0,NA,NA,<=50K
CFG08,salary-class,30162,30162,0,7508,0.24892248524633645,7508,0.24892248524633645,0,NA,NA,>50K
CFG08,sex,30162,30162,0,9782,0.32431536370267222,9782,0.32431536370267222,0,NA,NA,Female
CFG08,sex,30162,30162,0,20380,0.67568463629732778,20380,0.67568463629732778,0,NA,NA,Male
CFG08,workclass,30162,30162,0,943,0.03126450500629932,943,0.03126450500629932,0,NA,NA,Federal-gov
CFG08,workclass,30162,30162,0,2067,0.068529938333001791,2067,0.068529938333001791,0,NA,NA,Local-gov
CFG08,workclass,30162,30162,0,22286,0.73887673231218087,22286,0.73887673231218087,0,NA,NA,Private
CFG08,workclass,30162,30162,0,1074,0.03560771832106624,1074,0.03560771832106624,0,NA,NA,Self-emp-inc
CFG08,workclass,30162,30162,0,2499,0.082852595981698821,2499,0.082852595981698821,0,NA,NA,Self-emp-not-inc
CFG08,workclass,30162,30162,0,1279,0.042404349844174787,1279,0.042404349844174787,0,NA,NA,State-gov
CFG08,workclass,30162,30162,0,14,0.00046416020157814467,14,0.00046416020157814467,0,NA,NA,Without-pay
CFG09,age,30162,30162,0,328,0.010874610436973676,328,0.010874610436973676,0,NA,NA,17
CFG09,age,30162,30162,0,447,0.014819972150387906,447,0.014819972150387906,0,NA,NA,18
CFG09,age,30162,30162,0,594,0.019693654266958426,594,0.019693654266958426,0,NA,NA,19
CFG09,age,30162,30162,0,629,0.020854054770903786,629,0.020854054770903786,0,NA,NA,20
CFG09,age,30162,30162,0,621,0.020588820370001988,621,0.020588820370001988,0,NA,NA,21
CFG09,age,30162,30162,0,674,0.022345998275976393,674,0.022345998275976393,0,NA,NA,22
CFG09,age,30162,30162,0,824,0.027319143292885088,824,0.027319143292885088,0,NA,NA,23
CFG09,age,30162,30162,0,752,0.024932033684768914,752,0.024932033684768914,0,NA,NA,24
CFG09,age,30162,30162,0,799,0.026490285790066972,799,0.026490285790066972,0,NA,NA,25
CFG09,age,30162,30162,0,745,0.024699953583979844,745,0.024699953583979844,0,NA,NA,26
CFG09,age,30162,30162,0,789,0.026158742788939725,789,0.026158742788939725,0,NA,NA,27
CFG09,age,30162,30162,0,808,0.026788674491081493,808,0.026788674491081493,0,NA,NA,28
CFG09,age,30162,30162,0,774,0.025661428287248857,774,0.025661428287248857,0,NA,NA,29
CFG09,age,30162,30162,0,813,0.026954445991645117,813,0.026954445991645117,0,NA,NA,30
CFG09,age,30162,30162,0,851,0.028214309395928651,851,0.028214309395928651,0,NA,NA,31
CFG09,age,30162,30162,0,789,0.026158742788939725,789,0.026158742788939725,0,NA,NA,32
CFG09,age,30162,30162,0,837,0.027750149194350506,837,0.027750149194350506,0,NA,NA,33
CFG09,age,30162,30162,0,836,0.027716994894237783,836,0.027716994894237783,0,NA,NA,34
CFG09,age,30162,30162,0,828,0.027451760493335985,828,0.027451760493335985,0,NA,NA,35
CFG09,age,30162,30162,0,852,0.028247463696041378,852,0.028247463696041378,0,NA,NA,36
CFG09,age,30162,30162,0,828,0.027451760493335985,828,0.027451760493335985,0,NA,NA,37
CFG09,age,30162,30162,0,791,0.026225051389165175,791,0.026225051389165175,0,NA,NA,38
CFG09,age,30162,30162,0,786,0.026059279888601551,786,0.026059279888601551,0,NA,NA,39
CFG09,age,30162,30162,0,765,0.025363039586234336,765,0.025363039586234336,0,NA,NA,40
CFG09,age,30162,30162,0,769,0.025495656786685233,769,0.025495656786685233,0,NA,NA,41
CFG09,age,30162,30162,0,741,0.024567336383528943,741,0.024567336383528943,0,NA,NA,42
CFG09,age,30162,30162,0,743,0.024633644983754394,743,0.024633644983754394,0,NA,NA,43
CFG09,age,30162,30162,0,704,0.023340627279358133,704,0.023340627279358133,0,NA,NA,44
CFG09,age,30162,30162,0,706,0.023406935879583583,706,0.023406935879583583,0,NA,NA,45
CFG09,age,30162,30162,0,711,0.023572707380147204,711,0.023572707380147204,0,NA,NA,46
CFG09,age,30162,30162,0,683,0.022644386976990914,683,0.022644386976990914,0,NA,NA,47
CFG09,age,30162,30162,0,523,0.017339698958954975,523,0.017339698958954975,0,NA,NA,48
CFG09,age,30162,30162,0,555,0.018400636562562165,555,0.018400636562562165,0,NA,NA,49
CFG09,age,30162,30162,0,575,0.019063722564816657,575,0.019063722564816657,0,NA,NA,50
CFG09,age,30162,30162,0,571,0.01893110536436576,571,0.01893110536436576,0,NA,NA,51
CFG09,age,30162,30162,0,455,0.015085206551289702,455,0.015085206551289702,0,NA,NA,52
CFG09,age,30162,30162,0,448,0.014853126450500629,448,0.014853126450500629,0,NA,NA,53
CFG09,age,30162,30162,0,394,0.013062794244413501,394,0.013062794244413501,0,NA,NA,54
CFG09,age,30162,30162,0,386,0.012797559843511703,386,0.012797559843511703,0,NA,NA,55
CFG09,age,30162,30162,0,343,0.011371924938664544,343,0.011371924938664544,0,NA,NA,56
CFG09,age,30162,30162,0,337,0.011172999137988197,337,0.011172999137988197,0,NA,NA,57
CFG09,age,30162,30162,0,344,0.011405079238777269,344,0.011405079238777269,0,NA,NA,58
CFG09,age,30162,30162,0,332,0.011007227637424575,332,0.011007227637424575,0,NA,NA,59
CFG09,age,30162,30162,0,276,0.0091505868311119957,276,0.0091505868311119957,0,NA,NA,60
CFG09,age,30162,30162,0,259,0.0085869637291956773,259,0.0085869637291956773,0,NA,NA,61
CFG09,age,30162,30162,0,213,0.0070618659240103444,213,0.0070618659240103444,0,NA,NA,62
CFG09,age,30162,30162,0,186,0.0061666998209667792,186,0.0061666998209667792,0,NA,NA,63
CFG09,age,30162,30162,0,173,0.0057356939195013596,173,0.0057356939195013596,0,NA,NA,64
CFG09,age,30162,30162,0,136,0.0045089848153305485,136,0.0045089848153305485,0,NA,NA,65
CFG09,age,30162,30162,0,110,0.0036469730123997084,110,0.0036469730123997084,0,NA,NA,66
CFG09,age,30162,30162,0,111,0.0036801273125124326,111,0.0036801273125124326,0,NA,NA,67
CFG09,age,30162,30162,0,90,0.002983887010145216,90,0.002983887010145216,0,NA,NA,68
CFG09,age,30162,30162,0,80,0.0026523440090179696,80,0.0026523440090179696,0,NA,NA,69
CFG09,age,30162,30162,0,64,0.0021218752072143755,64,0.0021218752072143755,0,NA,NA,70
CFG09,age,30162,30162,0,54,0.0017903322060871295,54,0.0017903322060871295,0,NA,NA,71
CFG09,age,30162,30162,0,40,0.0013261720045089848,40,0.0013261720045089848,0,NA,NA,72
CFG09,age,30162,30162,0,49,0.0016245607055235063,49,0.0016245607055235063,0,NA,NA,73
CFG09,age,30162,30162,0,38,0.0012598634042835356,38,0.0012598634042835356,0,NA,NA,74
CFG09,age,30162,30162,0,34,0.0011272462038326371,34,0.0011272462038326371,0,NA,NA,75
CFG09,age,30162,30162,0,29,0.00096147470326901402,29,0.00096147470326901402,0,NA,NA,76
CFG09,age,30162,30162,0,20,0.0006630860022544924,20,0.0006630860022544924,0,NA,NA,77
CFG09,age,30162,30162,0,14,0.00046416020157814467,14,0.00046416020157814467,0,NA,NA,78
CFG09,age,30162,30162,0,15,0.0004973145016908693,15,0.0004973145016908693,0,NA,NA,79
CFG09,age,30162,30162,0,16,0.00053046880180359387,16,0.00053046880180359387,0,NA,NA,80
CFG09,age,30162,30162,0,13,0.00043100590146542009,13,0.00043100590146542009,0,NA,NA,81
CFG09,age,30162,30162,0,7,0.00023208010078907233,7,0.00023208010078907233,0,NA,NA,82
CFG09,age,30162,30162,0,5,0.0001657715005636231,5,0.0001657715005636231,0,NA,NA,83
CFG09,age,30162,30162,0,8,0.00026523440090179694,8,0.00026523440090179694,0,NA,NA,84
CFG09,age,30162,30162,0,3,9.9462900338173865e-05,3,9.9462900338173865e-05,0,NA,NA,85
CFG09,age,30162,30162,0,1,3.3154300112724617e-05,1,3.3154300112724617e-05,0,NA,NA,86
CFG09,age,30162,30162,0,3,9.9462900338173865e-05,3,9.9462900338173865e-05,0,NA,NA,88
CFG09,age,30162,30162,0,35,0.0011604005039453618,35,0.0011604005039453618,0,NA,NA,90
CFG09,education,30162,30162,0,820,0.027186526092434188,820,0.027186526092434188,0,NA,NA,10th
CFG09,education,30162,30162,0,1048,0.034745706518135404,1048,0.034745706518135404,0,NA,NA,11th
CFG09,education,30162,30162,0,377,0.012499171142497182,377,0.012499171142497182,0,NA,NA,12th
CFG09,education,30162,30162,0,151,0.0050062993170214174,151,0.0050062993170214174,0,NA,NA,1st-4th
CFG09,education,30162,30162,0,288,0.0095484384324646902,288,0.0095484384324646902,0,NA,NA,5th-6th
CFG09,education,30162,30162,0,557,0.018466945162787615,557,0.018466945162787615,0,NA,NA,7th-8th
CFG09,education,30162,30162,0,455,0.015085206551289702,455,0.015085206551289702,0,NA,NA,9th
CFG09,education,30162,30162,0,1008,0.03341953451362642,1008,0.03341953451362642,0,NA,NA,Assoc-acdm
CFG09,education,30162,30162,0,1307,0.043332670247331076,1307,0.043332670247331076,0,NA,NA,Assoc-voc
CFG09,education,30162,30162,0,5044,0.16723028976858298,5044,0.16723028976858298,0,NA,NA,Bachelors
CFG09,education,30162,30162,0,375,0.012432862542271732,375,0.012432862542271732,0,NA,NA,Doctorate
CFG09,education,30162,30162,0,9840,0.32623831310921025,9840,0.32623831310921025,0,NA,NA,HS-grad
CFG09,education,30162,30162,0,1627,0.053942046283402954,1627,0.053942046283402954,0,NA,NA,Masters
CFG09,education,30162,30162,0,45,0.001491943505072608,45,0.001491943505072608,0,NA,NA,Preschool
CFG09,education,30162,30162,0,542,0.017969630661096744,542,0.017969630661096744,0,NA,NA,Prof-school
CFG09,education,30162,30162,0,6678,0.22140441615277501,6678,0.22140441615277501,0,NA,NA,Some-college
CFG09,marital-status,30162,30162,0,4214,0.13971222067502154,4214,0.13971222067502154,0,NA,NA,Divorced
CFG09,marital-status,30162,30162,0,21,0.00069624030236721708,21,0.00069624030236721708,0,NA,NA,Married-AF-spouse
CFG09,marital-status,30162,30162,0,14065,0.46631523108547179,14065,0.46631523108547179,0,NA,NA,Married-civ-spouse
CFG09,marital-status,30162,30162,0,370,0.01226709104170811,370,0.01226709104170811,0,NA,NA,Married-spouse-absent
CFG09,marital-status,30162,30162,0,9726,0.32245872289635968,9726,0.32245872289635968,0,NA,NA,Never-married
CFG09,marital-status,30162,30162,0,939,0.03113188780584842,939,0.03113188780584842,0,NA,NA,Separated
CFG09,marital-status,30162,30162,0,827,0.027418606193223262,827,0.027418606193223262,0,NA,NA,Widowed
CFG09,native-country,30162,30162,0,18,0.00059677740202904314,18,0.00059677740202904314,0,NA,NA,Cambodia
CFG09,native-country,30162,30162,0,107,0.0035475101120615343,107,0.0035475101120615343,0,NA,NA,Canada
CFG09,native-country,30162,30162,0,68,0.0022544924076652742,68,0.0022544924076652742,0,NA,NA,China
CFG09,native-country,30162,30162,0,56,0.0018566408063125787,56,0.0018566408063125787,0,NA,NA,Columbia
CFG09,native-country,30162,30162,0,92,0.0030501956103706649,92,0.0030501956103706649,0,NA,NA,Cuba
CFG09,native-country,30162,30162,0,67,0.0022213381075525496,67,0.0022213381075525496,0,NA,NA,Dominican-Republic
CFG09,native-country,30162,30162,0,27,0.00089516610304356476,27,0.00089516610304356476,0,NA,NA,Ecuador
CFG09,native-country,30162,30162,0,100,0.003315430011272462,100,0.003315430011272462,0,NA,NA,El-Salvador
CFG09,native-country,30162,30162,0,86,0.0028512698096943173,86,0.0028512698096943173,0,NA,NA,England
CFG09,native-country,30162,30162,0,27,0.00089516610304356476,27,0.00089516610304356476,0,NA,NA,France
CFG09,native-country,30162,30162,0,128,0.004243750414428751,128,0.004243750414428751,0,NA,NA,Germany
CFG09,native-country,30162,30162,0,29,0.00096147470326901402,29,0.00096147470326901402,0,NA,NA,Greece
CFG09,native-country,30162,30162,0,63,0.0020887209071016512,63,0.0020887209071016512,0,NA,NA,Guatemala
CFG09,native-country,30162,30162,0,42,0.0013924806047344342,42,0.0013924806047344342,0,NA,NA,Haiti
CFG09,native-country,30162,30162,0,1,3.3154300112724617e-05,1,3.3154300112724617e-05,0,NA,NA,Holand-Netherlands
CFG09,native-country,30162,30162,0,12,0.00039785160135269546,12,0.00039785160135269546,0,NA,NA,Honduras
CFG09,native-country,30162,30162,0,19,0.00062993170214176782,19,0.00062993170214176782,0,NA,NA,Hong
CFG09,native-country,30162,30162,0,13,0.00043100590146542009,13,0.00043100590146542009,0,NA,NA,Hungary
CFG09,native-country,30162,30162,0,100,0.003315430011272462,100,0.003315430011272462,0,NA,NA,India
CFG09,native-country,30162,30162,0,42,0.0013924806047344342,42,0.0013924806047344342,0,NA,NA,Iran
CFG09,native-country,30162,30162,0,24,0.00079570320270539092,24,0.00079570320270539092,0,NA,NA,Ireland
CFG09,native-country,30162,30162,0,68,0.0022544924076652742,68,0.0022544924076652742,0,NA,NA,Italy
CFG09,native-country,30162,30162,0,80,0.0026523440090179696,80,0.0026523440090179696,0,NA,NA,Jamaica
CFG09,native-country,30162,30162,0,59,0.0019561037066507525,59,0.0019561037066507525,0,NA,NA,Japan
CFG09,native-country,30162,30162,0,17,0.00056362310191631856,17,0.00056362310191631856,0,NA,NA,Laos
CFG09,native-country,30162,30162,0,610,0.020224123068762017,610,0.020224123068762017,0,NA,NA,Mexico
CFG09,native-country,30162,30162,0,33,0.0010940919037199124,33,0.0010940919037199124,0,NA,NA,Nicaragua
CFG09,native-country,30162,30162,0,14,0.00046416020157814467,14,0.00046416020157814467,0,NA,NA,Outlying-US(Guam-USVI-etc)
CFG09,native-country,30162,30162,0,30,0.00099462900338173859,30,0.00099462900338173859,0,NA,NA,Peru
CFG09,native-country,30162,30162,0,188,0.0062330084211922286,188,0.0062330084211922286,0,NA,NA,Philippines
CFG09,native-country,30162,30162,0,56,0.0018566408063125787,56,0.0018566408063125787,0,NA,NA,Poland
CFG09,native-country,30162,30162,0,34,0.0011272462038326371,34,0.0011272462038326371,0,NA,NA,Portugal
CFG09,native-country,30162,30162,0,109,0.0036138187122869837,109,0.0036138187122869837,0,NA,NA,Puerto-Rico
CFG09,native-country,30162,30162,0,11,0.00036469730123997083,11,0.00036469730123997083,0,NA,NA,Scotland
CFG09,native-country,30162,30162,0,71,0.0023539553080034479,71,0.0023539553080034479,0,NA,NA,South
CFG09,native-country,30162,30162,0,42,0.0013924806047344342,42,0.0013924806047344342,0,NA,NA,Taiwan
CFG09,native-country,30162,30162,0,17,0.00056362310191631856,17,0.00056362310191631856,0,NA,NA,Thailand
CFG09,native-country,30162,30162,0,18,0.00059677740202904314,18,0.00059677740202904314,0,NA,NA,Trinadad&Tobago
CFG09,native-country,30162,30162,0,27504,0.91187587030037798,27504,0.91187587030037798,0,NA,NA,United-States
CFG09,native-country,30162,30162,0,64,0.0021218752072143755,64,0.0021218752072143755,0,NA,NA,Vietnam
CFG09,native-country,30162,30162,0,16,0.00053046880180359387,16,0.00053046880180359387,0,NA,NA,Yugoslavia
CFG09,occupation,30162,30162,0,3721,0.12336715071944832,3721,0.12336715071944832,0,NA,NA,Adm-clerical
CFG09,occupation,30162,30162,0,9,0.00029838870101452157,9,0.00029838870101452157,0,NA,NA,Armed-Forces
CFG09,occupation,30162,30162,0,4030,0.13361182945428021,4030,0.13361182945428021,0,NA,NA,Craft-repair
CFG09,occupation,30162,30162,0,3992,0.13235196604999669,3992,0.13235196604999669,0,NA,NA,Exec-managerial
CFG09,occupation,30162,30162,0,989,0.032789602811484651,989,0.032789602811484651,0,NA,NA,Farming-fishing
CFG09,occupation,30162,30162,0,1350,0.04475830515217824,1350,0.04475830515217824,0,NA,NA,Handlers-cleaners
CFG09,occupation,30162,30162,0,1966,0.065181354021616608,1966,0.065181354021616608,0,NA,NA,Machine-op-inspct
CFG09,occupation,30162,30162,0,3212,0.10649161196207148,3212,0.10649161196207148,0,NA,NA,Other-service
CFG09,occupation,30162,30162,0,143,0.0047410649161196208,143,0.0047410649161196208,0,NA,NA,Priv-house-serv
CFG09,occupation,30162,30162,0,4038,0.13387706385518203,4038,0.13387706385518203,0,NA,NA,Prof-specialty
CFG09,occupation,30162,30162,0,644,0.021351369272594657,644,0.021351369272594657,0,NA,NA,Protective-serv
CFG09,occupation,30162,30162,0,3584,0.11882501160400503,3584,0.11882501160400503,0,NA,NA,Sales
CFG09,occupation,30162,30162,0,912,0.030236721702804854,912,0.030236721702804854,0,NA,NA,Tech-support
CFG09,occupation,30162,30162,0,1572,0.052118559777203102,1572,0.052118559777203102,0,NA,NA,Transport-moving
CFG09,race,30162,30162,0,286,0.0094821298322392417,286,0.0094821298322392417,0,NA,NA,Amer-Indian-Eskimo
CFG09,race,30162,30162,0,895,0.029673098600888535,895,0.029673098600888535,0,NA,NA,Asian-Pac-Islander
CFG09,race,30162,30162,0,2817,0.093395663417545252,2817,0.093395663417545252,0,NA,NA,Black
CFG09,race,30162,30162,0,231,0.007658643326039387,231,0.007658643326039387,0,NA,NA,Other
CFG09,race,30162,30162,0,25933,0.85979046482328758,25933,0.85979046482328758,0,NA,NA,White
CFG09,salary-class,30162,30162,0,22654,0.75107751475366358,22654,0.75107751475366358,0,NA,NA,<=50K
CFG09,salary-class,30162,30162,0,7508,0.24892248524633645,7508,0.24892248524633645,0,NA,NA,>50K
CFG09,sex,30162,30162,0,9782,0.32431536370267222,9782,0.32431536370267222,0,NA,NA,Female
CFG09,sex,30162,30162,0,20380,0.67568463629732778,20380,0.67568463629732778,0,NA,NA,Male
CFG09,workclass,30162,30162,0,943,0.03126450500629932,943,0.03126450500629932,0,NA,NA,Federal-gov
CFG09,workclass,30162,30162,0,2067,0.068529938333001791,2067,0.068529938333001791,0,NA,NA,Local-gov
CFG09,workclass,30162,30162,0,22286,0.73887673231218087,22286,0.73887673231218087,0,NA,NA,Private
CFG09,workclass,30162,30162,0,1074,0.03560771832106624,1074,0.03560771832106624,0,NA,NA,Self-emp-inc
CFG09,workclass,30162,30162,0,2499,0.082852595981698821,2499,0.082852595981698821,0,NA,NA,Self-emp-not-inc
CFG09,workclass,30162,30162,0,1279,0.042404349844174787,1279,0.042404349844174787,0,NA,NA,State-gov
CFG09,workclass,30162,30162,0,14,0.00046416020157814467,14,0.00046416020157814467,0,NA,NA,Without-pay
CFG10,age,30162,30162,0,328,0.010874610436973676,328,0.010874610436973676,0,NA,NA,17
CFG10,age,30162,30162,0,447,0.014819972150387906,447,0.014819972150387906,0,NA,NA,18
CFG10,age,30162,30162,0,594,0.019693654266958426,594,0.019693654266958426,0,NA,NA,19
CFG10,age,30162,30162,0,629,0.020854054770903786,629,0.020854054770903786,0,NA,NA,20
CFG10,age,30162,30162,0,621,0.020588820370001988,621,0.020588820370001988,0,NA,NA,21
CFG10,age,30162,30162,0,674,0.022345998275976393,674,0.022345998275976393,0,NA,NA,22
CFG10,age,30162,30162,0,824,0.027319143292885088,824,0.027319143292885088,0,NA,NA,23
CFG10,age,30162,30162,0,752,0.024932033684768914,752,0.024932033684768914,0,NA,NA,24
CFG10,age,30162,30162,0,799,0.026490285790066972,799,0.026490285790066972,0,NA,NA,25
CFG10,age,30162,30162,0,745,0.024699953583979844,745,0.024699953583979844,0,NA,NA,26
CFG10,age,30162,30162,0,789,0.026158742788939725,789,0.026158742788939725,0,NA,NA,27
CFG10,age,30162,30162,0,808,0.026788674491081493,808,0.026788674491081493,0,NA,NA,28
CFG10,age,30162,30162,0,774,0.025661428287248857,774,0.025661428287248857,0,NA,NA,29
CFG10,age,30162,30162,0,813,0.026954445991645117,813,0.026954445991645117,0,NA,NA,30
CFG10,age,30162,30162,0,851,0.028214309395928651,851,0.028214309395928651,0,NA,NA,31
CFG10,age,30162,30162,0,789,0.026158742788939725,789,0.026158742788939725,0,NA,NA,32
CFG10,age,30162,30162,0,837,0.027750149194350506,837,0.027750149194350506,0,NA,NA,33
CFG10,age,30162,30162,0,836,0.027716994894237783,836,0.027716994894237783,0,NA,NA,34
CFG10,age,30162,30162,0,828,0.027451760493335985,828,0.027451760493335985,0,NA,NA,35
CFG10,age,30162,30162,0,852,0.028247463696041378,852,0.028247463696041378,0,NA,NA,36
CFG10,age,30162,30162,0,828,0.027451760493335985,828,0.027451760493335985,0,NA,NA,37
CFG10,age,30162,30162,0,791,0.026225051389165175,791,0.026225051389165175,0,NA,NA,38
CFG10,age,30162,30162,0,786,0.026059279888601551,786,0.026059279888601551,0,NA,NA,39
CFG10,age,30162,30162,0,765,0.025363039586234336,765,0.025363039586234336,0,NA,NA,40
CFG10,age,30162,30162,0,769,0.025495656786685233,769,0.025495656786685233,0,NA,NA,41
CFG10,age,30162,30162,0,741,0.024567336383528943,741,0.024567336383528943,0,NA,NA,42
CFG10,age,30162,30162,0,743,0.024633644983754394,743,0.024633644983754394,0,NA,NA,43
CFG10,age,30162,30162,0,704,0.023340627279358133,704,0.023340627279358133,0,NA,NA,44
CFG10,age,30162,30162,0,706,0.023406935879583583,706,0.023406935879583583,0,NA,NA,45
CFG10,age,30162,30162,0,711,0.023572707380147204,711,0.023572707380147204,0,NA,NA,46
CFG10,age,30162,30162,0,683,0.022644386976990914,683,0.022644386976990914,0,NA,NA,47
CFG10,age,30162,30162,0,523,0.017339698958954975,523,0.017339698958954975,0,NA,NA,48
CFG10,age,30162,30162,0,555,0.018400636562562165,555,0.018400636562562165,0,NA,NA,49
CFG10,age,30162,30162,0,575,0.019063722564816657,575,0.019063722564816657,0,NA,NA,50
CFG10,age,30162,30162,0,571,0.01893110536436576,571,0.01893110536436576,0,NA,NA,51
CFG10,age,30162,30162,0,455,0.015085206551289702,455,0.015085206551289702,0,NA,NA,52
CFG10,age,30162,30162,0,448,0.014853126450500629,448,0.014853126450500629,0,NA,NA,53
CFG10,age,30162,30162,0,394,0.013062794244413501,394,0.013062794244413501,0,NA,NA,54
CFG10,age,30162,30162,0,386,0.012797559843511703,386,0.012797559843511703,0,NA,NA,55
CFG10,age,30162,30162,0,343,0.011371924938664544,343,0.011371924938664544,0,NA,NA,56
CFG10,age,30162,30162,0,337,0.011172999137988197,337,0.011172999137988197,0,NA,NA,57
CFG10,age,30162,30162,0,344,0.011405079238777269,344,0.011405079238777269,0,NA,NA,58
CFG10,age,30162,30162,0,332,0.011007227637424575,332,0.011007227637424575,0,NA,NA,59
CFG10,age,30162,30162,0,276,0.0091505868311119957,276,0.0091505868311119957,0,NA,NA,60
CFG10,age,30162,30162,0,259,0.0085869637291956773,259,0.0085869637291956773,0,NA,NA,61
CFG10,age,30162,30162,0,213,0.0070618659240103444,213,0.0070618659240103444,0,NA,NA,62
CFG10,age,30162,30162,0,186,0.0061666998209667792,186,0.0061666998209667792,0,NA,NA,63
CFG10,age,30162,30162,0,173,0.0057356939195013596,173,0.0057356939195013596,0,NA,NA,64
CFG10,age,30162,30162,0,136,0.0045089848153305485,136,0.0045089848153305485,0,NA,NA,65
CFG10,age,30162,30162,0,110,0.0036469730123997084,110,0.0036469730123997084,0,NA,NA,66
CFG10,age,30162,30162,0,111,0.0036801273125124326,111,0.0036801273125124326,0,NA,NA,67
CFG10,age,30162,30162,0,90,0.002983887010145216,90,0.002983887010145216,0,NA,NA,68
CFG10,age,30162,30162,0,80,0.0026523440090179696,80,0.0026523440090179696,0,NA,NA,69
CFG10,age,30162,30162,0,64,0.0021218752072143755,64,0.0021218752072143755,0,NA,NA,70
CFG10,age,30162,30162,0,54,0.0017903322060871295,54,0.0017903322060871295,0,NA,NA,71
CFG10,age,30162,30162,0,40,0.0013261720045089848,40,0.0013261720045089848,0,NA,NA,72
CFG10,age,30162,30162,0,49,0.0016245607055235063,49,0.0016245607055235063,0,NA,NA,73
CFG10,age,30162,30162,0,38,0.0012598634042835356,38,0.0012598634042835356,0,NA,NA,74
CFG10,age,30162,30162,0,34,0.0011272462038326371,34,0.0011272462038326371,0,NA,NA,75
CFG10,age,30162,30162,0,29,0.00096147470326901402,29,0.00096147470326901402,0,NA,NA,76
CFG10,age,30162,30162,0,20,0.0006630860022544924,20,0.0006630860022544924,0,NA,NA,77
CFG10,age,30162,30162,0,14,0.00046416020157814467,14,0.00046416020157814467,0,NA,NA,78
CFG10,age,30162,30162,0,15,0.0004973145016908693,15,0.0004973145016908693,0,NA,NA,79
CFG10,age,30162,30162,0,16,0.00053046880180359387,16,0.00053046880180359387,0,NA,NA,80
CFG10,age,30162,30162,0,13,0.00043100590146542009,13,0.00043100590146542009,0,NA,NA,81
CFG10,age,30162,30162,0,7,0.00023208010078907233,7,0.00023208010078907233,0,NA,NA,82
CFG10,age,30162,30162,0,5,0.0001657715005636231,5,0.0001657715005636231,0,NA,NA,83
CFG10,age,30162,30162,0,8,0.00026523440090179694,8,0.00026523440090179694,0,NA,NA,84
CFG10,age,30162,30162,0,3,9.9462900338173865e-05,3,9.9462900338173865e-05,0,NA,NA,85
CFG10,age,30162,30162,0,1,3.3154300112724617e-05,1,3.3154300112724617e-05,0,NA,NA,86
CFG10,age,30162,30162,0,3,9.9462900338173865e-05,3,9.9462900338173865e-05,0,NA,NA,88
CFG10,age,30162,30162,0,35,0.0011604005039453618,35,0.0011604005039453618,0,NA,NA,90
CFG10,education,30162,30162,0,820,0.027186526092434188,820,0.027186526092434188,0,NA,NA,10th
CFG10,education,30162,30162,0,1048,0.034745706518135404,1048,0.034745706518135404,0,NA,NA,11th
CFG10,education,30162,30162,0,377,0.012499171142497182,377,0.012499171142497182,0,NA,NA,12th
CFG10,education,30162,30162,0,151,0.0050062993170214174,151,0.0050062993170214174,0,NA,NA,1st-4th
CFG10,education,30162,30162,0,288,0.0095484384324646902,288,0.0095484384324646902,0,NA,NA,5th-6th
CFG10,education,30162,30162,0,557,0.018466945162787615,557,0.018466945162787615,0,NA,NA,7th-8th
CFG10,education,30162,30162,0,455,0.015085206551289702,455,0.015085206551289702,0,NA,NA,9th
CFG10,education,30162,30162,0,1008,0.03341953451362642,1008,0.03341953451362642,0,NA,NA,Assoc-acdm
CFG10,education,30162,30162,0,1307,0.043332670247331076,1307,0.043332670247331076,0,NA,NA,Assoc-voc
CFG10,education,30162,30162,0,5044,0.16723028976858298,5044,0.16723028976858298,0,NA,NA,Bachelors
CFG10,education,30162,30162,0,375,0.012432862542271732,375,0.012432862542271732,0,NA,NA,Doctorate
CFG10,education,30162,30162,0,9840,0.32623831310921025,9840,0.32623831310921025,0,NA,NA,HS-grad
CFG10,education,30162,30162,0,1627,0.053942046283402954,1627,0.053942046283402954,0,NA,NA,Masters
CFG10,education,30162,30162,0,45,0.001491943505072608,45,0.001491943505072608,0,NA,NA,Preschool
CFG10,education,30162,30162,0,542,0.017969630661096744,542,0.017969630661096744,0,NA,NA,Prof-school
CFG10,education,30162,30162,0,6678,0.22140441615277501,6678,0.22140441615277501,0,NA,NA,Some-college
CFG10,marital-status,30162,30162,0,4214,0.13971222067502154,4214,0.13971222067502154,0,NA,NA,Divorced
CFG10,marital-status,30162,30162,0,21,0.00069624030236721708,21,0.00069624030236721708,0,NA,NA,Married-AF-spouse
CFG10,marital-status,30162,30162,0,14065,0.46631523108547179,14065,0.46631523108547179,0,NA,NA,Married-civ-spouse
CFG10,marital-status,30162,30162,0,370,0.01226709104170811,370,0.01226709104170811,0,NA,NA,Married-spouse-absent
CFG10,marital-status,30162,30162,0,9726,0.32245872289635968,9726,0.32245872289635968,0,NA,NA,Never-married
CFG10,marital-status,30162,30162,0,939,0.03113188780584842,939,0.03113188780584842,0,NA,NA,Separated
CFG10,marital-status,30162,30162,0,827,0.027418606193223262,827,0.027418606193223262,0,NA,NA,Widowed
CFG10,native-country,30162,30162,0,18,0.00059677740202904314,18,0.00059677740202904314,0,NA,NA,Cambodia
CFG10,native-country,30162,30162,0,107,0.0035475101120615343,107,0.0035475101120615343,0,NA,NA,Canada
CFG10,native-country,30162,30162,0,68,0.0022544924076652742,68,0.0022544924076652742,0,NA,NA,China
CFG10,native-country,30162,30162,0,56,0.0018566408063125787,56,0.0018566408063125787,0,NA,NA,Columbia
CFG10,native-country,30162,30162,0,92,0.0030501956103706649,92,0.0030501956103706649,0,NA,NA,Cuba
CFG10,native-country,30162,30162,0,67,0.0022213381075525496,67,0.0022213381075525496,0,NA,NA,Dominican-Republic
CFG10,native-country,30162,30162,0,27,0.00089516610304356476,27,0.00089516610304356476,0,NA,NA,Ecuador
CFG10,native-country,30162,30162,0,100,0.003315430011272462,100,0.003315430011272462,0,NA,NA,El-Salvador
CFG10,native-country,30162,30162,0,86,0.0028512698096943173,86,0.0028512698096943173,0,NA,NA,England
CFG10,native-country,30162,30162,0,27,0.00089516610304356476,27,0.00089516610304356476,0,NA,NA,France
CFG10,native-country,30162,30162,0,128,0.004243750414428751,128,0.004243750414428751,0,NA,NA,Germany
CFG10,native-country,30162,30162,0,29,0.00096147470326901402,29,0.00096147470326901402,0,NA,NA,Greece
CFG10,native-country,30162,30162,0,63,0.0020887209071016512,63,0.0020887209071016512,0,NA,NA,Guatemala
CFG10,native-country,30162,30162,0,42,0.0013924806047344342,42,0.0013924806047344342,0,NA,NA,Haiti
CFG10,native-country,30162,30162,0,1,3.3154300112724617e-05,1,3.3154300112724617e-05,0,NA,NA,Holand-Netherlands
CFG10,native-country,30162,30162,0,12,0.00039785160135269546,12,0.00039785160135269546,0,NA,NA,Honduras
CFG10,native-country,30162,30162,0,19,0.00062993170214176782,19,0.00062993170214176782,0,NA,NA,Hong
CFG10,native-country,30162,30162,0,13,0.00043100590146542009,13,0.00043100590146542009,0,NA,NA,Hungary
CFG10,native-country,30162,30162,0,100,0.003315430011272462,100,0.003315430011272462,0,NA,NA,India
CFG10,native-country,30162,30162,0,42,0.0013924806047344342,42,0.0013924806047344342,0,NA,NA,Iran
CFG10,native-country,30162,30162,0,24,0.00079570320270539092,24,0.00079570320270539092,0,NA,NA,Ireland
CFG10,native-country,30162,30162,0,68,0.0022544924076652742,68,0.0022544924076652742,0,NA,NA,Italy
CFG10,native-country,30162,30162,0,80,0.0026523440090179696,80,0.0026523440090179696,0,NA,NA,Jamaica
CFG10,native-country,30162,30162,0,59,0.0019561037066507525,59,0.0019561037066507525,0,NA,NA,Japan
CFG10,native-country,30162,30162,0,17,0.00056362310191631856,17,0.00056362310191631856,0,NA,NA,Laos
CFG10,native-country,30162,30162,0,610,0.020224123068762017,610,0.020224123068762017,0,NA,NA,Mexico
CFG10,native-country,30162,30162,0,33,0.0010940919037199124,33,0.0010940919037199124,0,NA,NA,Nicaragua
CFG10,native-country,30162,30162,0,14,0.00046416020157814467,14,0.00046416020157814467,0,NA,NA,Outlying-US(Guam-USVI-etc)
CFG10,native-country,30162,30162,0,30,0.00099462900338173859,30,0.00099462900338173859,0,NA,NA,Peru
CFG10,native-country,30162,30162,0,188,0.0062330084211922286,188,0.0062330084211922286,0,NA,NA,Philippines
CFG10,native-country,30162,30162,0,56,0.0018566408063125787,56,0.0018566408063125787,0,NA,NA,Poland
CFG10,native-country,30162,30162,0,34,0.0011272462038326371,34,0.0011272462038326371,0,NA,NA,Portugal
CFG10,native-country,30162,30162,0,109,0.0036138187122869837,109,0.0036138187122869837,0,NA,NA,Puerto-Rico
CFG10,native-country,30162,30162,0,11,0.00036469730123997083,11,0.00036469730123997083,0,NA,NA,Scotland
CFG10,native-country,30162,30162,0,71,0.0023539553080034479,71,0.0023539553080034479,0,NA,NA,South
CFG10,native-country,30162,30162,0,42,0.0013924806047344342,42,0.0013924806047344342,0,NA,NA,Taiwan
CFG10,native-country,30162,30162,0,17,0.00056362310191631856,17,0.00056362310191631856,0,NA,NA,Thailand
CFG10,native-country,30162,30162,0,18,0.00059677740202904314,18,0.00059677740202904314,0,NA,NA,Trinadad&Tobago
CFG10,native-country,30162,30162,0,27504,0.91187587030037798,27504,0.91187587030037798,0,NA,NA,United-States
CFG10,native-country,30162,30162,0,64,0.0021218752072143755,64,0.0021218752072143755,0,NA,NA,Vietnam
CFG10,native-country,30162,30162,0,16,0.00053046880180359387,16,0.00053046880180359387,0,NA,NA,Yugoslavia
CFG10,occupation,30162,30162,0,3721,0.12336715071944832,3721,0.12336715071944832,0,NA,NA,Adm-clerical
CFG10,occupation,30162,30162,0,9,0.00029838870101452157,9,0.00029838870101452157,0,NA,NA,Armed-Forces
CFG10,occupation,30162,30162,0,4030,0.13361182945428021,4030,0.13361182945428021,0,NA,NA,Craft-repair
CFG10,occupation,30162,30162,0,3992,0.13235196604999669,3992,0.13235196604999669,0,NA,NA,Exec-managerial
CFG10,occupation,30162,30162,0,989,0.032789602811484651,989,0.032789602811484651,0,NA,NA,Farming-fishing
CFG10,occupation,30162,30162,0,1350,0.04475830515217824,1350,0.04475830515217824,0,NA,NA,Handlers-cleaners
CFG10,occupation,30162,30162,0,1966,0.065181354021616608,1966,0.065181354021616608,0,NA,NA,Machine-op-inspct
CFG10,occupation,30162,30162,0,3212,0.10649161196207148,3212,0.10649161196207148,0,NA,NA,Other-service
CFG10,occupation,30162,30162,0,143,0.0047410649161196208,143,0.0047410649161196208,0,NA,NA,Priv-house-serv
CFG10,occupation,30162,30162,0,4038,0.13387706385518203,4038,0.13387706385518203,0,NA,NA,Prof-specialty
CFG10,occupation,30162,30162,0,644,0.021351369272594657,644,0.021351369272594657,0,NA,NA,Protective-serv
CFG10,occupation,30162,30162,0,3584,0.11882501160400503,3584,0.11882501160400503,0,NA,NA,Sales
CFG10,occupation,30162,30162,0,912,0.030236721702804854,912,0.030236721702804854,0,NA,NA,Tech-support
CFG10,occupation,30162,30162,0,1572,0.052118559777203102,1572,0.052118559777203102,0,NA,NA,Transport-moving
CFG10,race,30162,30162,0,286,0.0094821298322392417,286,0.0094821298322392417,0,NA,NA,Amer-Indian-Eskimo
CFG10,race,30162,30162,0,895,0.029673098600888535,895,0.029673098600888535,0,NA,NA,Asian-Pac-Islander
CFG10,race,30162,30162,0,2817,0.093395663417545252,2817,0.093395663417545252,0,NA,NA,Black
CFG10,race,30162,30162,0,231,0.007658643326039387,231,0.007658643326039387,0,NA,NA,Other
CFG10,race,30162,30162,0,25933,0.85979046482328758,25933,0.85979046482328758,0,NA,NA,White
CFG10,salary-class,30162,30162,0,22654,0.75107751475366358,22654,0.75107751475366358,0,NA,NA,<=50K
CFG10,salary-class,30162,30162,0,7508,0.24892248524633645,7508,0.24892248524633645,0,NA,NA,>50K
CFG10,sex,30162,30162,0,9782,0.32431536370267222,9782,0.32431536370267222,0,NA,NA,Female
CFG10,sex,30162,30162,0,20380,0.67568463629732778,20380,0.67568463629732778,0,NA,NA,Male
CFG10,workclass,30162,30162,0,943,0.03126450500629932,943,0.03126450500629932,0,NA,NA,Federal-gov
CFG10,workclass,30162,30162,0,2067,0.068529938333001791,2067,0.068529938333001791,0,NA,NA,Local-gov
CFG10,workclass,30162,30162,0,22286,0.73887673231218087,22286,0.73887673231218087,0,NA,NA,Private
CFG10,workclass,30162,30162,0,1074,0.03560771832106624,1074,0.03560771832106624,0,NA,NA,Self-emp-inc
CFG10,workclass,30162,30162,0,2499,0.082852595981698821,2499,0.082852595981698821,0,NA,NA,Self-emp-not-inc
CFG10,workclass,30162,30162,0,1279,0.042404349844174787,1279,0.042404349844174787,0,NA,NA,State-gov
CFG10,workclass,30162,30162,0,14,0.00046416020157814467,14,0.00046416020157814467,0,NA,NA,Without-pay
CFG11,age,30162,28914,1248,309,0.010686864494708445,328,0.010874610436973676,19,0.0045374944796505289,0.015224358974358974,17
CFG11,age,30162,28914,1248,426,0.014733347167462128,447,0.014819972150387906,21,0.0020935759094609478,0.016826923076923076,18
CFG11,age,30162,28914,1248,550,0.019021927094141248,594,0.019693654266958426,44,0.016234483162269012,0.035256410256410256,19
CFG11,age,30162,28914,1248,570,0.019713633533928202,629,0.020854054770903786,59,0.027562007491712826,0.047275641025641024,20
CFG11,age,30162,28914,1248,609,0.021062461091512764,621,0.020588820370001988,12,-0.011447076476128146,0.0096153846153846159,21
CFG11,age,30162,28914,1248,658,0.022757141868990801,674,0.022345998275976393,16,-0.0099366290484779792,0.01282051282051282,22
CFG11,age,30162,28914,1248,803,0.027772013557446219,824,0.027319143292885088,21,-0.010945090480523143,0.016826923076923076,23
CFG11,age,30162,28914,1248,735,0.025420211662170573,752,0.024932033684768914,17,-0.011798416790375703,0.013621794871794872,24
CFG11,age,30162,28914,1248,778,0.026907380507712526,799,0.026490285790066972,21,-0.01008045743078945,0.016826923076923076,25
CFG11,age,30162,28914,1248,724,0.02503977312028775,745,0.024699953583979844,21,-0.0082128500433646737,0.016826923076923076,26
CFG11,age,30162,28914,1248,768,0.026561527287819051,789,0.026158742788939725,21,-0.0097346042108959734,0.016826923076923076,27
CFG11,age,30162,28914,1248,780,0.026976551151691223,808,0.026788674491081493,28,-0.0045406537157937866,0.022435897435897436,28
CFG11,age,30162,28914,1248,738,0.025523967628138619,774,0.025661428287248857,36,0.0033221862180152282,0.028846153846153848,29
CFG11,age,30162,28914,1248,792,0.027391575015563396,813,0.026954445991645117,21,-0.010564651938640318,0.016826923076923076,30
CFG11,age,30162,28914,1248,830,0.028705817251158609,851,0.028214309395928651,21,-0.011878894174235531,0.016826923076923076,31
CFG11,age,30162,28914,1248,754,0.026077332779968182,789,0.026158742788939725,35,0.0019675390149036134,0.028044871794871796,32
CFG11,age,30162,28914,1248,810,0.028014110811371652,837,0.027750149194350506,27,-0.006379495426756269,0.021634615384615384,33
CFG11,age,30162,28914,1248,816,0.02822162274330774,836,0.027716994894237783,20,-0.012195981717666714,0.016025641025641024,34
CFG11,age,30162,28914,1248,813,0.028117866777339698,828,0.027451760493335985,15,-0.016098636008108926,0.01201923076923077,35
CFG11,age,30162,28914,1248,822,0.028429134675243828,852,0.028247463696041378,30,-0.0043906731367822881,0.02403846153846154,36
CFG11,age,30162,28914,1248,804,0.027806598879435568,828,0.027451760493335985,24,-0.008575829648666336,0.019230769230769232,37
CFG11,age,30162,28914,1248,774,0.026769039219755136,791,0.026225051389165175,17,-0.013147244347960264,0.013621794871794872,38
CFG11,age,30162,28914,1248,768,0.026561527287819051,786,0.026059279888601551,18,-0.012138450364742126,0.014423076923076924,39
CFG11,age,30162,28914,1248,750,0.025938991492010791,765,0.025363039586234336,15,-0.013919760722780021,0.01201923076923077,40
CFG11,age,30162,28914,1248,733,0.02535104101819188,769,0.025495656786685233,36,0.0034951128279619667,0.028846153846153848,41
CFG11,age,30162,28914,1248,712,0.024624749256415578,741,0.024567336383528943,29,-0.0013875697692360901,0.023237179487179488,42
CFG11,age,30162,28914,1248,710,0.024555578612436881,743,0.024633644983754394,33,0.0018867290798708105,0.026442307692307692,43
CFG11,age,30162,28914,1248,677,0.023414262986788406,704,0.023340627279358133,27,-0.0017796476021730225,0.021634615384615384,44
CFG11,age,30162,28914,1248,683,0.023621774918724494,706,0.023406935879583583,23,-0.005192287739237314,0.01842948717948718,45
CFG11,age,30162,28914,1248,677,0.023414262986788406,711,0.023572707380147204,34,0.0038293267568013365,0.027243589743589744,46
CFG11,age,30162,28914,1248,655,0.022653385903022759,683,0.022644386976990914,28,-0.00021748846712532125,0.022435897435897436,47
CFG11,age,30162,28914,1248,507,0.017534758248599295,523,0.017339698958954975,16,-0.004714245428086474,0.01282051282051282,48
CFG11,age,30162,28914,1248,532,0.018399391298332988,555,0.018400636562562165,23,3.0095881154192006e-05,0.01842948717948718,49
CFG11,age,30162,28914,1248,551,0.019056512416130593,575,0.019063722564816657,24,0.0001742568146386366,0.019230769230769232,50
CFG11,age,30162,28914,1248,553,0.01912568306010929,571,0.01893110536436576,18,-0.0047026061370323662,0.014423076923076924,51
CFG11,age,30162,28914,1248,440,0.015217541675312998,455,0.015085206551289702,15,-0.0031983109060822281,0.01201923076923077,52
CFG11,age,30162,28914,1248,423,0.014629591201494086,448,0.014853126450500629,25,0.0054024600805571959,0.020032051282051284,53
CFG11,age,30162,28914,1248,385,0.013315348965898872,394,0.013062794244413501,9,-0.0061038105043604114,0.0072115384615384619,54
CFG11,age,30162,28914,1248,371,0.012831154458048005,386,0.012797559843511703,15,-0.00081192368881723522,0.01201923076923077,55
CFG11,age,30162,28914,1248,331,0.011447741578474096,343,0.011371924938664544,12,-0.0018323569630894802,0.0096153846153846159,56
CFG11,age,30162,28914,1248,318,0.010998132392612575,337,0.011172999137988197,19,0.0042262265817463989,0.015224358974358974,57
CFG11,age,30162,28914,1248,330,0.011413156256484747,344,0.011405079238777269,14,-0.00019520753853602993,0.011217948717948718,58
CFG11,age,30162,28914,1248,323,0.011171059002559314,332,0.011007227637424575,9,-0.0039595205410208525,0.0072115384615384619,59
CFG11,age,30162,28914,1248,268,0.0092688662931451893,276,0.0091505868311119957,8,-0.0028586098828887788,0.00641025641025641,60
CFG11,age,30162,28914,1248,223,0.0077125268036245418,259,0.0085869637291956773,36,0.021133627042529305,0.028846153846153848,61
CFG11,age,30162,28914,1248,189,0.0065366258559867189,213,0.0070618659240103444,24,0.012694143374782512,0.019230769230769232,62
CFG11,age,30162,28914,1248,161,0.0055682368402849829,186,0.0061666998209667792,25,0.014463814441766299,0.020032051282051284,63
CFG11,age,30162,28914,1248,151,0.0052223836203915061,173,0.0057356939195013596,22,0.012405821507813622,0.017628205128205128,64
CFG11,age,30162,28914,1248,124,0.004288579926679117,136,0.0045089848153305485,12,0.0053268046887054981,0.0096153846153846159,65
CFG11,age,30162,28914,1248,101,0.0034931175209241198,110,0.0036469730123997084,9,0.0037184209406143417,0.0072115384615384619,66
CFG11,age,30162,28914,1248,101,0.0034931175209241198,111,0.0036801273125124326,10,0.0045197029918963927,0.0080128205128205121,67
CFG11,age,30162,28914,1248,83,0.0028705817251158607,90,0.002983887010145216,7,0.0027383926338584983,0.005608974358974359,68
CFG11,age,30162,28914,1248,75,0.0025938991492010792,80,0.0026523440090179696,5,0.0014125111072091773,0.0040064102564102561,69
CFG11,age,30162,28914,1248,58,0.0020059486753821677,64,0.0021218752072143755,6,0.0028017436323101398,0.004807692307692308,70
CFG11,age,30162,28914,1248,44,0.0015217541675312998,54,0.0017903322060871295,10,0.0064910663452892132,0.0080128205128205121,71
CFG11,age,30162,28914,1248,35,0.0012104862696271702,40,0.0013261720045089848,5,0.0027959239867830863,0.0040064102564102561,72
CFG11,age,30162,28914,1248,43,0.0014871688455419521,49,0.0016245607055235063,6,0.0033205234621503559,0.004807692307692308,73
CFG11,age,30162,28914,1248,32,0.0011067303036591271,38,0.0012598634042835356,6,0.0037009620040331808,0.004807692307692308,74
CFG11,age,30162,28914,1248,27,0.00093380369371238851,34,0.0011272462038326371,7,0.0046751706652619707,0.005608974358974359,75
CFG11,age,30162,28914,1248,27,0.00093380369371238851,29,0.00096147470326901402,2,0.00066876040885171411,0.0016025641025641025,76
CFG11,age,30162,28914,1248,17,0.00058795047381891125,20,0.0006630860022544924,3,0.0018158956800272425,0.002403846153846154,77
CFG11,age,30162,28914,1248,12,0.00041502386387217268,14,0.00046416020157814467,2,0.0011875402386919299,0.0016025641025641025,78
CFG11,age,30162,28914,1248,14,0.0004841945078508681,15,0.0004973145016908693,1,0.00031708754343118321,0.00080128205128205125,79
CFG11,age,30162,28914,1248,15,0.00051877982984021578,16,0.00053046880180359387,1,0.00028250222144183548,0.00080128205128205125,80
CFG11,age,30162,28914,1248,2,6.9170643978695446e-05,13,0.00043100590146542009,11,0.0087449319201238686,0.008814102564102564,81
CFG11,age,30162,28914,1248,1,3.4585321989347723e-05,7,0.00023208010078907233,6,0.0047731069857029603,0.004807692307692308,82
CFG11,age,30162,28914,1248,3,0.00010375596596804317,5,0.0001657715005636231,2,0.0014988081365960595,0.0016025641025641025,83
CFG11,age,30162,28914,1248,2,6.9170643978695446e-05,8,0.00026523440090179694,6,0.0047385216637136126,0.004807692307692308,84
CFG11,age,30162,28914,1248,1,3.4585321989347723e-05,3,9.9462900338173865e-05,2,0.0015679787805747548,0.0016025641025641025,85
CFG11,age,30162,28914,1248,0,0,1,3.3154300112724617e-05,1,0.00080128205128205125,0.00080128205128205125,86
CFG11,age,30162,28914,1248,1,3.4585321989347723e-05,3,9.9462900338173865e-05,2,0.0015679787805747548,0.0016025641025641025,88
CFG11,age,30162,28914,1248,12,0.00041502386387217268,35,0.0011604005039453618,23,0.018014463315615008,0.01842948717948718,90
CFG11,education,30162,28914,1248,788,0.027253233727606005,820,0.027186526092434188,32,-0.0016122080865803631,0.02564102564102564,10th
CFG11,education,30162,28914,1248,1004,0.034723663277305111,1048,0.034745706518135404,44,0.00053274697910514468,0.035256410256410256,11th
CFG11,education,30162,28914,1248,356,0.012312374628207789,377,0.012499171142497182,21,0.0045145484487152882,0.016826923076923076,12th
CFG11,education,30162,28914,1248,103,0.0035622881649028152,151,0.0050062993170214174,48,0.034899250296635646,0.038461538461538464,1st-4th
CFG11,education,30162,28914,1248,202,0.0069862350418482396,288,0.0095484384324646902,86,0.061924021368408168,0.068910256410256415,5th-6th
CFG11,education,30162,28914,1248,522,0.018053538078439509,557,0.018466945162787615,35,0.0099913337164322848,0.028044871794871796,7th-8th
CFG11,education,30162,28914,1248,431,0.014906273777408868,455,0.015085206551289702,24,0.0043244954533603634,0.019230769230769232,9th
CFG11,education,30162,28914,1248,963,0.033305665075741855,1008,0.03341953451362642,45,0.0027520272319504525,0.036057692307692304,Assoc-acdm
CFG11,education,30162,28914,1248,1271,0.043957944248460952,1307,0.043332670247331076,36,-0.015111790402307108,0.028846153846153848,Assoc-voc
CFG11,education,30162,28914,1248,4890,0.16912222452791034,5044,0.16723028976858298,154,-0.04572478863047446,0.1233974358974359,Bachelors
CFG11,education,30162,28914,1248,353,0.012208618662239745,375,0.012432862542271732,22,0.0054195864659653831,0.017628205128205128,Doctorate
CFG11,education,30162,28914,1248,9456,0.32703880473127206,9840,0.32623831310921025,384,-0.019346497038964357,0.30769230769230771,HS-grad
CFG11,education,30162,28914,1248,1564,0.054091443591339834,1627,0.053942046283402954,63,-0.0036106743605706045,0.050480769230769232,Masters
CFG11,education,30162,28914,1248,25,0.00086463304973369304,45,0.001491943505072608,20,0.015161007975907333,0.016025641025641024,Preschool
CFG11,education,30162,28914,1248,526,0.0181918793663969,542,0.017969630661096744,16,-0.0053713665458840808,0.01282051282051282,Prof-school
CFG11,education,30162,28914,1248,6460,0.22342118005118627,6678,0.22140441615277501,218,-0.048741692871699098,0.17467948717948717,Some-college
CFG11,marital-status,30162,28914,1248,4065,0.14058933388669848,4214,0.13971222067502154,149,-0.021198308245672846,0.11939102564102565,Divorced
CFG11,marital-status,30162,28914,1248,20,0.00069170643978695441,21,0.00069624030236721708,1,0.00010957561149509686,0.00080128205128205125,Married-AF-spouse
CFG11,marital-status,30162,28914,1248,13511,0.46728228539807704,14065,0.46631523108547179,554,-0.023372028987820644,0.44391025641025639,Married-civ-spouse
CFG11,marital-status,30162,28914,1248,320,0.011067303036591271,370,0.01226709104170811,50,0.028996799527511292,0.040064102564102567,Married-spouse-absent
CFG11,marital-status,30162,28914,1248,9367,0.32396071107422009,9726,0.32245872289635968,359,-0.036300454663963692,0.28766025641025639,Never-married
CFG11,marital-status,30162,28914,1248,888,0.030711765926540777,939,0.03113188780584842,51,0.010153618688843839,0.040865384615384616,Separated
CFG11,marital-status,30162,28914,1248,743,0.025696894238085355,827,0.027418606193223262,84,0.04161079806960695,0.067307692307692304,Widowed
CFG11,native-country,30162,28914,1248,14,0.0004841945078508681,18,0.00059677740202904314,4,0.002720933697277337,0.003205128205128205,Cambodia
CFG11,native-country,30162,28914,1248,105,0.0036314588088815106,107,0.0035475101120615343,2,-0.002028894706317408,0.0016025641025641025,Canada
CFG11,native-country,30162,28914,1248,46,0.0015909248115099951,68,0.0022544924076652742,22,0.016037280316695133,0.017628205128205128,China
CFG11,native-country,30162,28914,1248,7,0.00024209725392543405,56,0.0018566408063125787,49,0.039020723258895079,0.039262820512820512,Columbia
CFG11,native-country,30162,28914,1248,89,0.0030780936570519472,92,0.0030501956103706649,3,-0.00067424750320579333,0.002403846153846154,Cuba
CFG11,native-country,30162,28914,1248,52,0.0017984367434460814,67,0.0022213381075525496,15,0.010220794025784687,0.01201923076923077,Dominican-Republic
CFG11,native-country,30162,28914,1248,5,0.0001729266099467386,27,0.00089516610304356476,22,0.017455278518258389,0.017628205128205128,Ecuador
CFG11,native-country,30162,28914,1248,93,0.0032164349450093379,100,0.003315430011272462,7,0.0023925394139650211,0.005608974358974359,El-Salvador
CFG11,native-country,30162,28914,1248,58,0.0020059486753821677,86,0.0028512698096943173,28,0.020429948760515269,0.022435897435897436,England
CFG11,native-country,30162,28914,1248,19,0.00065712111779760672,27,0.00089516610304356476,8,0.0057531352924588032,0.00641025641025641,France
CFG11,native-country,30162,28914,1248,84,0.0029051670471052084,128,0.004243750414428751,44,0.032351243209305047,0.035256410256410256,Germany
CFG11,native-country,30162,28914,1248,24,0.00083004772774434535,29,0.00096147470326901402,5,0.0031763625286659112,0.0040064102564102561,Greece
CFG11,native-country,30162,28914,1248,59,0.0020405339973715154,63,0.0020887209071016512,4,0.0011645942077566896,0.003205128205128205,Guatemala
CFG11,native-country,30162,28914,1248,37,0.0012796569136058658,42,0.0013924806047344342,5,0.0027267533428043909,0.0040064102564102561,Haiti
CFG11,native-country,30162,28914,1248,1,3.4585321989347723e-05,1,3.3154300112724617e-05,0,-3.4585321989347723e-05,0,Holand-Netherlands
CFG11,native-country,30162,28914,1248,12,0.00041502386387217268,12,0.00039785160135269546,0,-0.00041502386387217268,0,Honduras
CFG11,native-country,30162,28914,1248,12,0.00041502386387217268,19,0.00062993170214176782,7,0.0051939504951021859,0.005608974358974359,Hong
CFG11,native-country,30162,28914,1248,10,0.0003458532198934772,13,0.00043100590146542009,3,0.0020579929339526767,0.002403846153846154,Hungary
CFG11,native-country,30162,28914,1248,73,0.0025247285052223834,100,0.003315430011272462,27,0.019109886879393002,0.021634615384615384,India
CFG11,native-country,30162,28914,1248,10,0.0003458532198934772,42,0.0013924806047344342,32,0.025295172421132165,0.02564102564102564,Iran
CFG11,native-country,30162,28914,1248,21,0.00072629176177630209,24,0.00079570320270539092,3,0.0016775543920698518,0.002403846153846154,Ireland
CFG11,native-country,30162,28914,1248,44,0.0015217541675312998,68,0.0022544924076652742,24,0.01770901506323793,0.019230769230769232,Italy
CFG11,native-country,30162,28914,1248,77,0.0026630697931797746,80,0.0026523440090179696,3,-0.00025922363933362065,0.002403846153846154,Jamaica
CFG11,native-country,30162,28914,1248,35,0.0012104862696271702,59,0.0019561037066507525,24,0.01802028296114206,0.019230769230769232,Japan
CFG11,native-country,30162,28914,1248,9,0.00031126789790412947,17,0.00056362310191631856,8,0.0060989885123522809,0.00641025641025641,Laos
CFG11,native-country,30162,28914,1248,572,0.019782804177906895,610,0.020224123068762017,38,0.010665913770811053,0.030448717948717948,Mexico
CFG11,native-country,30162,28914,1248,7,0.00024209725392543405,33,0.0010940919037199124,26,0.020591236079407899,0.020833333333333332,Nicaragua
CFG11,native-country,30162,28914,1248,13,0.00044960918586152036,14,0.00046416020157814467,1,0.0003516728654205309,0.00080128205128205125,Outlying-US(Guam-USVI-etc)
CFG11,native-country,30162,28914,1248,4,0.00013834128795739089,30,0.00099462900338173859,26,0.020694992045375941,0.020833333333333332,Peru
CFG11,native-country,30162,28914,1248,126,0.0043577505706578132,188,0.0062330084211922286,62,0.045321736608829363,0.049679487179487176,Philippines
CFG11,native-country,30162,28914,1248,38,0.0013142422355952134,56,0.0018566408063125787,18,0.01310883468748171,0.014423076923076924,Poland
CFG11,native-country,30162,28914,1248,19,0.00065712111779760672,34,0.0011272462038326371,15,0.011362109651433163,0.01201923076923077,Portugal
CFG11,native-country,30162,28914,1248,86,0.0029743376910839042,109,0.0036138187122869837,23,0.015455149488403276,0.01842948717948718,Puerto-Rico
CFG11,native-country,30162,28914,1248,6,0.00020751193193608634,11,0.00036469730123997083,5,0.00379889832447417,0.0040064102564102561,Scotland
CFG11,native-country,30162,28914,1248,19,0.00065712111779760672,71,0.0023539553080034479,52,0.041009545548869063,0.041666666666666664,South
CFG11,native-country,30162,28914,1248,36,0.0012450715916165179,42,0.0013924806047344342,6,0.0035626207160757897,0.004807692307692308,Taiwan
CFG11,native-country,30162,28914,1248,10,0.0003458532198934772,17,0.00056362310191631856,7,0.0052631211390808822,0.005608974358974359,Thailand
CFG11,native-country,30162,28914,1248,0,0,18,0.00059677740202904314,18,0.014423076923076924,0.014423076923076924,Trinadad&Tobago
CFG11,native-country,30162,28914,1248,26928,0.93131355052915543,27504,0.91187587030037798,576,-0.46977508899069387,0.46153846153846156,United-States
CFG11,native-country,30162,28914,1248,41,0.0014179982015632565,64,0.0021218752072143755,23,0.017011488977923924,0.01842948717948718,Vietnam
CFG11,native-country,30162,28914,1248,13,0.00044960918586152036,16,0.00053046880180359387,3,0.0019542369679846337,0.002403846153846154,Yugoslavia
CFG11,occupation,30162,28914,1248,3572,0.12353877014595006,3721,0.12336715071944832,149,-0.0041477445049244175,0.11939102564102565,Adm-clerical
CFG11,occupation,30162,28914,1248,8,0.00027668257591478178,9,0.00029838870101452157,1,0.00052459947536726947,0.00080128205128205125,Armed-Forces
CFG11,occupation,30162,28914,1248,3935,0.13609324202808329,4030,0.13361182945428021,95,-0.05997144715628841,0.076121794871794865,Craft-repair
CFG11,occupation,30162,28914,1248,3829,0.13242719789721241,3992,0.13235196604999669,163,-0.001818223538238064,0.13060897435897437,Exec-managerial
CFG11,occupation,30162,28914,1248,944,0.032648543957944247,989,0.032789602811484651,45,0.0034091483497480594,0.036057692307692304,Farming-fishing
CFG11,occupation,30162,28914,1248,1266,0.043785017638514216,1350,0.04475830515217824,84,0.023522674669178092,0.067307692307692304,Handlers-cleaners
CFG11,occupation,30162,28914,1248,1852,0.064052016324271974,1966,0.065181354021616608,114,0.027294137521881867,0.091346153846153841,Machine-op-inspct
CFG11,occupation,30162,28914,1248,3048,0.10541606142353185,3212,0.10649161196207148,164,0.025994194986724558,0.13141025641025642,Other-service
CFG11,occupation,30162,28914,1248,127,0.0043923358926471609,143,0.0047410649161196208,16,0.0084281769278656601,0.01282051282051282,Priv-house-serv
CFG11,occupation,30162,28914,1248,3879,0.1341564639966798,4038,0.13387706385518203,159,-0.0067526178428336551,0.12740384615384615,Prof-specialty
CFG11,occupation,30162,28914,1248,606,0.020958705125544718,644,0.021351369272594657,38,0.00949001282317323,0.030448717948717948,Protective-serv
CFG11,occupation,30162,28914,1248,3450,0.11931936086324964,3584,0.11882501160400503,134,-0.011947565991454766,0.10737179487179487,Sales
CFG11,occupation,30162,28914,1248,872,0.030158400774711214,912,0.030236721702804854,40,0.0018928812765708386,0.032051282051282048,Tech-support
CFG11,occupation,30162,28914,1248,1526,0.052777201355744624,1572,0.052118559777203102,46,-0.015918226996770264,0.03685897435897436,Transport-moving
CFG11,race,30162,28914,1248,155,0.0053607249083488968,286,0.0094821298322392417,131,0.099607223809599826,0.10496794871794872,Amer-Indian-Eskimo
CFG11,race,30162,28914,1248,569,0.019679048211938853,895,0.029673098600888535,326,0.24153890050600987,0.26121794871794873,Asian-Pac-Islander
CFG11,race,30162,28914,1248,2626,0.090821055544027113,2817,0.093395663417545252,191,0.06222381625084468,0.15304487179487181,Black
CFG11,race,30162,28914,1248,97,0.0033547762329667291,231,0.007658643326039387,134,0.10401701863882815,0.10737179487179487,Other
CFG11,race,30162,28914,1248,25467,0.88078439510271844,25933,0.85979046482328758,466,-0.50738695920528254,0.3733974358974359,White
CFG11,salary-class,30162,28914,1248,21642,0.7484955384934634,22654,0.75107751475366358,1012,0.06240189740397252,0.8108974358974359,<=50K
CFG11,salary-class,30162,28914,1248,7272,0.2515044615065366,7508,0.24892248524633645,236,-0.06240189740397252,0.1891025641025641,>50K
CFG11,sex,30162,28914,1248,9205,0.31835788891194577,9782,0.32431536370267222,577,0.14398185467779781,0.46233974358974361,Female
CFG11,sex,30162,28914,1248,19709,0.68164211108805428,20380,0.67568463629732778,671,-0.14398185467779781,0.53766025641025639,Male
CFG11,workclass,30162,28914,1248,840,0.029051670471052084,943,0.03126450500629932,103,0.053480380810999199,0.08253205128205128,Federal-gov
CFG11,workclass,30162,28914,1248,1914,0.066196306287611542,2067,0.068529938333001791,153,0.056399847558542306,0.12259615384615384,Local-gov
CFG11,workclass,30162,28914,1248,21522,0.74434529985474163,22286,0.73887673231218087,764,-0.13216581267525446,0.61217948717948723,Private
CFG11,workclass,30162,28914,1248,1042,0.036037905512900328,1074,0.03560771832106624,32,-0.010396879871874685,0.02564102564102564,Self-emp-inc
CFG11,workclass,30162,28914,1248,2410,0.083350625994328006,2499,0.082852595981698821,89,-0.012036523430225442,0.071314102564102561,Self-emp-not-inc
CFG11,workclass,30162,28914,1248,1186,0.041018191879366395,1279,0.042404349844174787,93,0.033501038889864374,0.074519230769230768,State-gov
CFG11,workclass,30162,28914,1248,0,0,14,0.00046416020157814467,14,0.011217948717948718,0.011217948717948718,Without-pay
CFG12,age,30162,28678,1484,313,0.010914289699421159,328,0.010874610436973676,15,-0.0008064729878308626,0.010107816711590296,17
CFG12,age,30162,28678,1484,427,0.014889462305600112,447,0.014819972150387906,20,-0.0014123733568130496,0.013477088948787063,18
CFG12,age,30162,28678,1484,557,0.019422553874049793,594,0.019693654266958426,37,0.00551006068120627,0.024932614555256066,19
CFG12,age,30162,28678,1484,567,0.019771253225469,629,0.020854054770903786,62,0.022007722515770892,0.041778975741239892,20
CFG12,age,30162,28678,1484,609,0.021235790501429666,621,0.020588820370001988,12,-0.01314953713215743,0.0080862533692722376,21
CFG12,age,30162,28678,1484,660,0.02301415719366762,674,0.022345998275976393,14,-0.013580194929516676,0.009433962264150943,22
CFG12,age,30162,28678,1484,803,0.02800055791896227,824,0.027319143292885088,21,-0.013849614522735856,0.014150943396226415,23
CFG12,age,30162,28678,1484,723,0.025210963107608619,752,0.024932033684768914,29,-0.0056691841318673797,0.019541778975741241,24
CFG12,age,30162,28678,1484,779,0.027163679475556174,799,0.026490285790066972,20,-0.013686590526769113,0.013477088948787063,25
CFG12,age,30162,28678,1484,717,0.025001743496757097,745,0.024699953583979844,28,-0.0061338189684552093,0.018867924528301886,26
CFG12,age,30162,28678,1484,759,0.026466280772717763,789,0.026158742788939725,30,-0.0062506473495371698,0.020215633423180591,27
CFG12,age,30162,28678,1484,774,0.026989329799846574,808,0.026788674491081493,34,-0.0040782785869085672,0.022911051212938006,28
CFG12,age,30162,28678,1484,725,0.02528070297789246,774,0.025661428287248857,49,0.0077381649466358405,0.033018867924528301,29
CFG12,age,30162,28678,1484,773,0.026954459864704652,813,0.026954445991645117,40,-2.8196713052766012e-07,0.026954177897574125,30
CFG12,age,30162,28678,1484,810,0.028244647464955714,851,0.028214309395928651,41,-0.00061661511994223804,0.027628032345013476,31
CFG12,age,30162,28678,1484,751,0.026187321291582397,789,0.026158742788939725,38,-0.00058085228888697985,0.025606469002695417,32
CFG12,age,30162,28678,1484,801,0.027930818048678429,837,0.027750149194350506,36,-0.0036720579408617178,0.024258760107816711,33
CFG12,age,30162,28678,1484,805,0.02807029778924611,836,0.027716994894237783,31,-0.0071808099186261663,0.020889487870619946,34
CFG12,age,30162,28678,1484,802,0.027965687983820351,828,0.027451760493335985,26,-0.010445472350397169,0.017520215633423181,35
CFG12,age,30162,28678,1484,816,0.02845386707580724,852,0.028247463696041378,36,-0.0041951069679905277,0.024258760107816711,36
CFG12,age,30162,28678,1484,801,0.027930818048678429,828,0.027451760493335985,27,-0.0097367479678158956,0.018194070080862535,37
CFG12,age,30162,28678,1484,761,0.026536020643001604,791,0.026225051389165175,30,-0.0063203872198210114,0.020215633423180591,38
CFG12,age,30162,28678,1484,758,0.026431410837575841,786,0.026059279888601551,28,-0.0075634863092739557,0.018867924528301886,39
CFG12,age,30162,28678,1484,744,0.025943231745588952,765,0.025363039586234336,21,-0.011792288349362539,0.014150943396226415,40
CFG12,age,30162,28678,1484,731,0.025489922588743986,769,0.025495656786685233,38,0.00011654641395143286,0.025606469002695417,41
CFG12,age,30162,28678,1484,706,0.024618174210195968,741,0.024567336383528943,35,-0.0010332685498186105,0.02358490566037736,42
CFG12,age,30162,28678,1484,701,0.024443824534486364,743,0.024633644983754394,42,0.0038580622579664644,0.028301886792452831,43
CFG12,age,30162,28678,1484,674,0.023502336285654509,704,0.023340627279358133,30,-0.0032867028624739155,0.020215633423180591,44
CFG12,age,30162,28678,1484,674,0.023502336285654509,706,0.023406935879583583,32,-0.0019389939675952094,0.0215633423180593,45
CFG12,age,30162,28678,1484,673,0.023467466350512587,711,0.023572707380147204,38,0.0021390026521828295,0.025606469002695417,46
CFG12,age,30162,28678,1484,657,0.022909547388241858,683,0.022644386976990914,26,-0.005389331754818677,0.017520215633423181,47
CFG12,age,30162,28678,1484,507,0.017679057116953764,523,0.017339698958954975,16,-0.0068973859579241131,0.01078167115902965,48
CFG12,age,30162,28678,1484,529,0.018446195690076016,555,0.018400636562562165,26,-0.00092598005665283582,0.017520215633423181,49
CFG12,age,30162,28678,1484,551,0.019213334263198271,575,0.019063722564816657,24,-0.003040827524653796,0.016172506738544475,50
CFG12,age,30162,28678,1484,550,0.019178464328056349,571,0.01893110536436576,21,-0.005027520931829935,0.014150943396226415,51
CFG12,age,30162,28678,1484,438,0.015273031592161238,455,0.015085206551289702,17,-0.0038175059856922358,0.011455525606469003,52
CFG12,age,30162,28678,1484,422,0.014715112629890508,448,0.014853126450500629,26,0.0028051030035326722,0.017520215633423181,53
CFG12,age,30162,28678,1484,382,0.013320315224213683,394,0.013062794244413501,12,-0.0052340618549414457,0.0080862533692722376,54
CFG12,age,30162,28678,1484,373,0.013006485807936397,386,0.012797559843511703,13,-0.0042463779912248071,0.0087601078167115903,55
CFG12,age,30162,28678,1484,331,0.011541948531975731,343,0.011371924938664544,12,-0.0034556951627034934,0.0080862533692722376,56
CFG12,age,30162,28678,1484,318,0.011088639375130762,337,0.011172999137988197,19,0.0017145951262169466,0.012803234501347708,57
CFG12,age,30162,28678,1484,328,0.011437338726549968,344,0.011405079238777269,16,-0.00065566756752031901,0.01078167115902965,58
CFG12,age,30162,28678,1484,321,0.011193249180556523,332,0.011007227637424575,11,-0.0037808502587236403,0.0074123989218328841,59
CFG12,age,30162,28678,1484,261,0.0091010530720412857,276,0.0091505868311119957,15,0.0010067636395490105,0.010107816711590296,60
CFG12,age,30162,28678,1484,223,0.0077759955366483021,259,0.0085869637291956773,36,0.016482764571168408,0.024258760107816711,61
CFG12,age,30162,28678,1484,185,0.0064509380012553177,213,0.0070618659240103444,28,0.012416986527046569,0.018867924528301886,62
CFG12,age,30162,28678,1484,162,0.0056489294929911432,186,0.0061666998209667792,24,0.010523577245553332,0.016172506738544475,63
CFG12,age,30162,28678,1484,147,0.0051258804658623333,173,0.0057356939195013596,26,0.012394335167560847,0.017520215633423181,64
CFG12,age,30162,28678,1484,120,0.0041843922170304764,136,0.0045089848153305485,16,0.0065972789419991729,0.01078167115902965,65
CFG12,age,30162,28678,1484,94,0.0032777739033405398,110,0.0036469730123997084,16,0.0075038972556891095,0.01078167115902965,66
CFG12,age,30162,28678,1484,95,0.0033126438384824602,111,0.0036801273125124326,16,0.0074690273205471891,0.01078167115902965,67
CFG12,age,30162,28678,1484,79,0.0027547248762117304,90,0.002983887010145216,11,0.0046576740456211541,0.0074123989218328841,68
CFG12,age,30162,28678,1484,74,0.0025803752005021273,80,0.0026523440090179696,6,0.0014627514841339916,0.0040431266846361188,69
CFG12,age,30162,28678,1484,59,0.0020573261733733174,64,0.0021218752072143755,5,0.0013119460638234481,0.0033692722371967657,70
CFG12,age,30162,28678,1484,45,0.0015691470813864285,54,0.0017903322060871295,9,0.004495542945567749,0.0060646900269541778,71
CFG12,age,30162,28678,1484,35,0.0012204477299672222,40,0.0013261720045089848,5,0.0021488245072295432,0.0033692722371967657,72
CFG12,age,30162,28678,1484,41,0.001429667340818746,49,0.0016245607055235063,8,0.0039611682386960787,0.0053908355795148251,73
CFG12,age,30162,28678,1484,31,0.0010809679893995397,38,0.0012598634042835356,7,0.0036360131426759318,0.0047169811320754715,74
CFG12,age,30162,28678,1484,27,0.00094148824883185712,34,0.0011272462038326371,7,0.0037754928832436146,0.0047169811320754715,75
CFG12,age,30162,28678,1484,28,0.00097635818397377781,29,0.00096147470326901402,1,-0.00030250373653442473,0.00067385444743935314,76
CFG12,age,30162,28678,1484,17,0.00059278889741265083,20,0.0006630860022544924,3,0.0014287744449054086,0.0020215633423180594,77
CFG12,age,30162,28678,1484,12,0.00041843922170304763,14,0.00046416020157814467,2,0.00092926967317565859,0.0013477088948787063,78
CFG12,age,30162,28678,1484,14,0.00048817909198688891,15,0.0004973145016908693,1,0.0001856753554524642,0.00067385444743935314,79
CFG12,age,30162,28678,1484,15,0.00052304902712880955,16,0.00053046880180359387,1,0.00015080542031054356,0.00067385444743935314,80
CFG12,age,30162,28678,1484,3,0.00010460980542576191,13,0.00043100590146542009,10,0.0066339346689677694,0.0067385444743935314,81
CFG12,age,30162,28678,1484,4,0.00013947974056768253,7,0.00023208010078907233,3,0.0018820836017503768,0.0020215633423180594,82
CFG12,age,30162,28678,1484,1,3.4869935141920633e-05,5,0.0001657715005636231,4,0.0026605478546154917,0.0026954177897574125,83
CFG12,age,30162,28678,1484,0,0,8,0.00026523440090179694,8,0.0053908355795148251,0.0053908355795148251,84
CFG12,age,30162,28678,1484,0,0,3,9.9462900338173865e-05,3,0.0020215633423180594,0.0020215633423180594,85
CFG12,age,30162,28678,1484,0,0,1,3.3154300112724617e-05,1,0.00067385444743935314,0.00067385444743935314,86
CFG12,age,30162,28678,1484,0,0,3,9.9462900338173865e-05,3,0.0020215633423180594,0.0020215633423180594,88
CFG12,age,30162,28678,1484,5,0.00017434967570960317,35,0.0011604005039453618,30,0.020041283747470991,0.020215633423180591,90
CFG12,education,30162,28678,1484,799,0.027861078178394588,820,0.027186526092434188,21,-0.013710134782168173,0.014150943396226415,10th
CFG12,education,30162,28678,1484,1018,0.03549759397447521,1048,0.034745706518135404,30,-0.015281960551294615,0.020215633423180591,11th
CFG12,education,30162,28678,1484,360,0.012553176651091428,377,0.012499171142497182,17,-0.0010976510446224262,0.011455525606469003,12th
CFG12,education,30162,28678,1484,104,0.0036264732547597461,151,0.0050062993170214174,47,0.02804468577488985,0.031671159029649593,1st-4th
CFG12,education,30162,28678,1484,208,0.0072529465095194923,288,0.0095484384324646902,80,0.046655409285628759,0.053908355795148251,5th-6th
CFG12,education,30162,28678,1484,531,0.018515935560359856,557,0.018466945162787615,26,-0.0009957199269366771,0.017520215633423181,7th-8th
CFG12,education,30162,28678,1484,434,0.015133551851593556,455,0.015085206551289702,21,-0.00098260845536714096,0.014150943396226415,9th
CFG12,education,30162,28678,1484,905,0.031557291303438179,1008,0.03341953451362642,103,0.037849716782815193,0.069407008086253372,Assoc-acdm
CFG12,education,30162,28678,1484,1202,0.041913662040588606,1307,0.043332670247331076,105,0.028841054940543471,0.070754716981132074,Assoc-voc
CFG12,education,30162,28678,1484,4847,0.16901457563288932,5044,0.16723028976858298,197,-0.036265249487336761,0.13274932614555257,Bachelors
CFG12,education,30162,28678,1484,333,0.011611688402259571,375,0.012432862542271732,42,0.016690198390193259,0.028301886792452831,Doctorate
CFG12,education,30162,28678,1484,9528,0.33224074203221982,9840,0.32623831310921025,312,-0.12199815443114165,0.21024258760107817,HS-grad
CFG12,education,30162,28678,1484,1458,0.05084036543692029,1627,0.053942046283402954,169,0.063041036180330384,0.11388140161725067,Masters
CFG12,education,30162,28678,1484,24,0.00083687844340609525,45,0.001491943505072608,21,0.01331406495282032,0.014150943396226415,Preschool
CFG12,education,30162,28678,1484,485,0.016911918543831509,542,0.017969630661096744,57,0.021497784960211617,0.03840970350404313,Prof-school
CFG12,education,30162,28678,1484,6442,0.22463212218425274,6678,0.22140441615277501,236,-0.0656024725885654,0.15902964959568733,Some-college
CFG12,marital-status,30162,28678,1484,4021,0.14021200920566287,4214,0.13971222067502154,193,-0.01015810084986773,0.13005390835579514,Divorced
CFG12,marital-status,30162,28678,1484,20,0.00069739870283841269,21,0.00069624030236721708,1,-2.3544255399059622e-05,0.00067385444743935314,Married-AF-spouse
CFG12,marital-status,30162,28678,1484,13428,0.46823348908571027,14065,0.46631523108547179,637,-0.038988206066842376,0.42924528301886794,Married-civ-spouse
CFG12,marital-status,30162,28678,1484,319,0.011123509310272683,370,0.01226709104170811,51,0.023243067509134324,0.03436657681940701,Married-spouse-absent
CFG12,marital-status,30162,28678,1484,9271,0.32327916870074619,9726,0.32245872289635968,455,-0.016675395115840555,0.30660377358490565,Never-married
CFG12,marital-status,30162,28678,1484,889,0.030999372341167446,939,0.03113188780584842,50,0.0026933500308002093,0.033692722371967652,Separated
CFG12,marital-status,30162,28678,1484,730,0.025455052653602064,827,0.027418606193223262,97,0.039908828748015185,0.065363881401617252,Widowed
CFG12,native-country,30162,28678,1484,14,0.00048817909198688891,18,0.00059677740202904314,4,0.0022072386977705235,0.0026954177897574125,Cambodia
CFG12,native-country,30162,28678,1484,105,0.0036613431899016669,107,0.0035475101120615343,2,-0.0023136342950229607,0.0013477088948787063,Canada
CFG12,native-country,30162,28678,1484,36,0.0012553176651091428,68,0.0022544924076652742,32,0.020308024652950157,0.0215633423180593,China
CFG12,native-country,30162,28678,1484,12,0.00041843922170304763,56,0.0018566408063125787,44,0.029231156465628488,0.029649595687331536,Columbia
CFG12,native-country,30162,28678,1484,90,0.0031382941627728571,92,0.0030501956103706649,2,-0.001790585267894151,0.0013477088948787063,Cuba
CFG12,native-country,30162,28678,1484,57,0.0019875863030894762,67,0.0022213381075525496,10,0.0047509581713040547,0.0067385444743935314,Dominican-Republic
CFG12,native-country,30162,28678,1484,5,0.00017434967570960317,27,0.00089516610304356476,22,0.014650448167956165,0.014824797843665768,Ecuador
CFG12,native-country,30162,28678,1484,93,0.003242903968198619,100,0.003315430011272462,7,0.0014740771638768525,0.0047169811320754715,El-Salvador
CFG12,native-country,30162,28678,1484,39,0.0013599274705349048,86,0.0028512698096943173,47,0.03031123155911469,0.031671159029649593,England
CFG12,native-country,30162,28678,1484,9,0.00031382941627728571,27,0.00089516610304356476,18,0.011815550637631071,0.012129380053908356,France
CFG12,native-country,30162,28678,1484,74,0.0025803752005021273,128,0.004243750414428751,54,0.033807764961222939,0.03638814016172507,Germany
CFG12,native-country,30162,28678,1484,20,0.00069739870283841269,29,0.00096147470326901402,9,0.0053672913241157652,0.0060646900269541778,Greece
CFG12,native-country,30162,28678,1484,59,0.0020573261733733174,63,0.0020887209071016512,4,0.00063809161638409483,0.0026954177897574125,Guatemala
CFG12,native-country,30162,28678,1484,37,0.0012901876002510636,42,0.0013924806047344342,5,0.0020790846369457021,0.0033692722371967657,Haiti
CFG12,native-country,30162,28678,1484,1,3.4869935141920633e-05,1,3.3154300112724617e-05,0,-3.4869935141920633e-05,0,Holand-Netherlands
CFG12,native-country,30162,28678,1484,12,0.00041843922170304763,12,0.00039785160135269546,0,-0.00041843922170304763,0,Honduras
CFG12,native-country,30162,28678,1484,12,0.00041843922170304763,19,0.00062993170214176782,7,0.0042985419103724245,0.0047169811320754715,Hong
CFG12,native-country,30162,28678,1484,9,0.00031382941627728571,13,0.00043100590146542009,4,0.0023815883734801266,0.0026954177897574125,Hungary
CFG12,native-country,30162,28678,1484,51,0.0017783666922379525,100,0.003315430011272462,49,0.031240501232290351,0.033018867924528301,India
CFG12,native-country,30162,28678,1484,10,0.00034869935141920635,42,0.0013924806047344342,32,0.021214642966640093,0.0215633423180593,Iran
CFG12,native-country,30162,28678,1484,20,0.00069739870283841269,24,0.00079570320270539092,4,0.0019980190869189995,0.0026954177897574125,Ireland
CFG12,native-country,30162,28678,1484,43,0.0014994072111025874,68,0.0022544924076652742,25,0.01534695397488124,0.016846361185983826,Italy
CFG12,native-country,30162,28678,1484,74,0.0025803752005021273,80,0.0026523440090179696,6,0.0014627514841339916,0.0040431266846361188,Jamaica
CFG12,native-country,30162,28678,1484,30,0.0010460980542576191,59,0.0019561037066507525,29,0.018495680921483622,0.019541778975741241,Japan
CFG12,native-country,30162,28678,1484,5,0.00017434967570960317,17,0.00056362310191631856,12,0.0079119036935626341,0.0080862533692722376,Laos
CFG12,native-country,30162,28678,1484,572,0.019945602901178604,610,0.020224123068762017,38,0.0056608661015168137,0.025606469002695417,Mexico
CFG12,native-country,30162,28678,1484,7,0.00024408954599344445,33,0.0010940919037199124,26,0.017276126087429736,0.017520215633423181,Nicaragua
CFG12,native-country,30162,28678,1484,13,0.00045330915684496827,14,0.00046416020157814467,1,0.00022054529059438484,0.00067385444743935314,Outlying-US(Guam-USVI-etc)
CFG12,native-country,30162,28678,1484,8,0.00027895948113536507,30,0.00099462900338173859,22,0.014545838362530403,0.014824797843665768,Peru
CFG12,native-country,30162,28678,1484,107,0.0037310830601855081,188,0.0062330084211922286,81,0.050851127182402096,0.054582210242587602,Philippines
CFG12,native-country,30162,28678,1484,30,0.0010460980542576191,56,0.0018566408063125787,26,0.016474117579165563,0.017520215633423181,Poland
CFG12,native-country,30162,28678,1484,20,0.00069739870283841269,34,0.0011272462038326371,14,0.0087365635613125305,0.009433962264150943,Portugal
CFG12,native-country,30162,28678,1484,90,0.0031382941627728571,109,0.0036138187122869837,19,0.0096649403385748525,0.012803234501347708,Puerto-Rico
CFG12,native-country,30162,28678,1484,5,0.00017434967570960317,11,0.00036469730123997083,6,0.0038687770089265152,0.0040431266846361188,Scotland
CFG12,native-country,30162,28678,1484,0,0,71,0.0023539553080034479,71,0.047843665768194071,0.047843665768194071,South
CFG12,native-country,30162,28678,1484,30,0.0010460980542576191,42,0.0013924806047344342,12,0.0070401553150146179,0.0080862533692722376,Taiwan
CFG12,native-country,30162,28678,1484,8,0.00027895948113536507,17,0.00056362310191631856,9,0.0057857305458188131,0.0060646900269541778,Thailand
CFG12,native-country,30162,28678,1484,0,0,18,0.00059677740202904314,18,0.012129380053908356,0.012129380053908356,Trinadad&Tobago
CFG12,native-country,30162,28678,1484,26821,0.93524653044145334,27504,0.91187587030037798,683,-0.47500394284037523,0.46024258760107817,United-States
CFG12,native-country,30162,28678,1484,37,0.0012901876002510636,64,0.0021218752072143755,27,0.016903882480611469,0.018194070080862535,Vietnam
CFG12,native-country,30162,28678,1484,13,0.00045330915684496827,16,0.00053046880180359387,3,0.0015682541854730909,0.0020215633423180594,Yugoslavia
CFG12,occupation,30162,28678,1484,3504,0.1221842527372899,3721,0.12336715071944832,217,0.024042162357049715,0.14622641509433962,Adm-clerical
CFG12,occupation,30162,28678,1484,8,0.00027895948113536507,9,0.00029838870101452157,1,0.00039489496630398802,0.00067385444743935314,Armed-Forces
CFG12,occupation,30162,28678,1484,3923,0.13679475556175466,4030,0.13361182945428021,107,-0.064692329685743871,0.072102425876010776,Craft-repair
CFG12,occupation,30162,28678,1484,3806,0.13271497315014993,3992,0.13235196604999669,186,-0.0073780459264302638,0.12533692722371967,Exec-managerial
CFG12,occupation,30162,28678,1484,947,0.033021828579398844,989,0.032789602811484651,42,-0.0047199417869460119,0.028301886792452831,Farming-fishing
CFG12,occupation,30162,28678,1484,1299,0.045296045749354905,1350,0.04475830515217824,51,-0.010929468929947898,0.03436657681940701,Handlers-cleaners
CFG12,occupation,30162,28678,1484,1863,0.064962689169398138,1966,0.065181354021616608,103,0.0044443189168552246,0.069407008086253372,Machine-op-inspct
CFG12,occupation,30162,28678,1484,3011,0.10499337471232303,3212,0.10649161196207148,201,0.030451369222986937,0.13544474393530997,Other-service
CFG12,occupation,30162,28678,1484,122,0.004254132087314318,143,0.0047410649161196208,21,0.0098968113089120974,0.014150943396226415,Priv-house-serv
CFG12,occupation,30162,28678,1484,3753,0.13086686658762814,4038,0.13387706385518203,285,0.061181650932587484,0.19204851752021562,Prof-specialty
CFG12,occupation,30162,28678,1484,594,0.020712741474300859,644,0.021351369272594657,50,0.012979980897666797,0.033692722371967652,Protective-serv
CFG12,occupation,30162,28678,1484,3460,0.1206499755910454,3584,0.11882501160400503,124,-0.037092024108565616,0.083557951482479784,Sales
CFG12,occupation,30162,28678,1484,868,0.030267103703187113,912,0.030236721702804854,44,-0.00061750801585557565,0.029649595687331536,Tech-support
CFG12,occupation,30162,28678,1484,1520,0.053002301415719363,1572,0.052118559777203102,52,-0.017961870148873006,0.035040431266846361,Transport-moving
CFG12,race,30162,28678,1484,151,0.0052653602064300156,286,0.0094821298322392417,135,0.085704990197882649,0.090970350404312672,Amer-Indian-Eskimo
CFG12,race,30162,28678,1484,444,0.015482251203012762,895,0.029673098600888535,451,0.28842610459213547,0.30390835579514824,Asian-Pac-Islander
CFG12,race,30162,28678,1484,2570,0.089615733314736032,2817,0.093395663417545252,247,0.076826315202784184,0.1664420485175202,Black
CFG12,race,30162,28678,1484,91,0.0031731640979147779,231,0.007658643326039387,140,0.091166458543594661,0.094339622641509441,Other
CFG12,race,30162,28678,1484,25422,0.88646349117790646,25933,0.85979046482328758,511,-0.54212386853639694,0.34433962264150941,White
CFG12,salary-class,30162,28678,1484,21503,0.74980821535671949,22654,0.75107751475366358,1151,0.025798253645975981,0.77560646900269536,<=50K
CFG12,salary-class,30162,28678,1484,7175,0.25019178464328057,7508,0.24892248524633645,333,-0.025798253645975981,0.22439353099730458,>50K
CFG12,sex,30162,28678,1484,9156,0.31926912615942532,9782,0.32431536370267222,626,0.1025637579376097,0.42183288409703507,Female
CFG12,sex,30162,28678,1484,19522,0.68073087384057462,20380,0.67568463629732778,858,-0.1025637579376097,0.57816711590296499,Male
CFG12,workclass,30162,28678,1484,827,0.028837436362368365,943,0.03126450500629932,116,0.049329679540596597,0.078167115902964962,Federal-gov
CFG12,workclass,30162,28678,1484,1870,0.065206778715391586,2067,0.068529938333001791,197,0.067542547430160971,0.13274932614555257,Local-gov
CFG12,workclass,30162,28678,1484,21414,0.7467047911290885,22286,0.73887673231218087,872,-0.15910371296197259,0.58760107816711593,Private
CFG12,workclass,30162,28678,1484,1033,0.036020643001604014,1074,0.03560771832106624,41,-0.0083926106565905406,0.027628032345013476,Self-emp-inc
CFG12,workclass,30162,28678,1484,2387,0.083234535183764558,2499,0.082852595981698821,112,-0.0077628370705570106,0.075471698113207544,Self-emp-not-inc
CFG12,workclass,30162,28678,1484,1147,0.039995815607782967,1279,0.042404349844174787,132,0.048952971454211638,0.088948787061994605,State-gov
CFG12,workclass,30162,28678,1484,0,0,14,0.00046416020157814467,14,0.009433962264150943,0.009433962264150943,Without-pay
CFG13,age,30162,28880,1282,313,0.010837950138504155,328,0.010874610436973676,15,0.00086251788021659366,0.011700468018720749,17
CFG13,age,30162,28880,1282,430,0.014889196675900277,447,0.014819972150387906,17,-0.0016286662546834284,0.013260530421216849,18
CFG13,age,30162,28880,1282,563,0.019494459833795014,594,0.019693654266958426,31,0.004686507404894534,0.024180967238689548,19
CFG13,age,30162,28880,1282,597,0.020671745152354572,629,0.020854054770903786,32,0.0042892532875830267,0.024960998439937598,20
CFG13,age,30162,28880,1282,596,0.020637119113573407,621,0.020588820370001988,25,-0.0011363390823721591,0.019500780031201249,21
CFG13,age,30162,28880,1282,646,0.022368421052631579,674,0.022345998275976393,28,-0.00052754741768618117,0.021840873634945399,22
CFG13,age,30162,28880,1282,786,0.027216066481994459,824,0.027319143292885088,38,0.0024251191654314371,0.029641185647425898,23
CFG13,age,30162,28880,1282,714,0.024722991689750694,752,0.024932033684768914,38,0.0049181939576752043,0.029641185647425898,24
CFG13,age,30162,28880,1282,758,0.026246537396121882,799,0.026490285790066972,41,0.0057347418550481631,0.031981279251170044,25
CFG13,age,30162,28880,1282,703,0.024342105263157894,745,0.024699953583979844,42,0.008419205189260202,0.032761310452418098,26
CFG13,age,30162,28880,1282,746,0.025831024930747921,789,0.026158742788939725,43,0.0077103167229182245,0.033541341653666144,27
CFG13,age,30162,28880,1282,769,0.026627423822714682,808,0.026788674491081493,39,0.0037937930259592657,0.030421216848673948,28
CFG13,age,30162,28880,1282,728,0.025207756232686982,774,0.025661428287248857,46,0.010673679024723316,0.035881435257410298,29
CFG13,age,30162,28880,1282,787,0.027250692520775624,813,0.026954445991645117,26,-0.0069698812883263253,0.020280811232449299,30
CFG13,age,30162,28880,1282,815,0.028220221606648201,851,0.028214309395928651,36,-0.00013909836171840226,0.028081123244929798,31
CFG13,age,30162,28880,1282,745,0.025796398891966759,789,0.026158742788939725,44,0.008524973962947437,0.034321372854914198,32
CFG13,age,30162,28880,1282,793,0.027458448753462605,837,0.027750149194350506,44,0.0068629241014515931,0.034321372854914198,33
CFG13,age,30162,28880,1282,815,0.028220221606648201,836,0.027716994894237783,21,-0.011839566380439152,0.016380655226209049,34
CFG13,age,30162,28880,1282,802,0.027770083102493074,828,0.027451760493335985,26,-0.0074892718700437771,0.020280811232449299,35
CFG13,age,30162,28880,1282,813,0.028150969529085874,852,0.028247463696041378,39,0.0022702473195880743,0.030421216848673948,36
CFG13,age,30162,28880,1282,795,0.027527700831024932,828,0.027451760493335985,33,-0.0017866711898392833,0.025741029641185648,37
CFG13,age,30162,28880,1282,770,0.026662049861495844,791,0.026225051389165175,21,-0.010281394635286796,0.016380655226209049,38
CFG13,age,30162,28880,1282,760,0.026315789473684209,786,0.026059279888601551,26,-0.0060349782412349121,0.020280811232449299,39
CFG13,age,30162,28880,1282,740,0.025623268698060944,765,0.025363039586234336,25,-0.0061224886668596939,0.019500780031201249,40
CFG13,age,30162,28880,1282,736,0.02548476454293629,769,0.025495656786685233,33,0.00025626509824935932,0.025741029641185648,41
CFG13,age,30162,28880,1282,713,0.024688365650969529,741,0.024567336383528943,28,-0.0028474920160241313,0.021840873634945399,42
CFG13,age,30162,28880,1282,711,0.024619113573407202,743,0.024633644983754394,32,0.00034188486653039527,0.024960998439937598,43
CFG13,age,30162,28880,1282,676,0.023407202216066483,704,0.023340627279358133,28,-0.0015663285811210843,0.021840873634945399,44
CFG13,age,30162,28880,1282,679,0.023511080332409971,706,0.023406935879583583,27,-0.0024502378987126244,0.021060842433697349,45
CFG13,age,30162,28880,1282,676,0.023407202216066483,711,0.023572707380147204,35,0.0038938898276152652,0.027301092043681748,46
CFG13,age,30162,28880,1282,663,0.022957063711911356,683,0.022644386976990914,20,-0.0073564396869503588,0.015600624024960999,47
CFG13,age,30162,28880,1282,508,0.017590027700831026,523,0.017339698958954975,15,-0.0058895596821102762,0.011700468018720749,48
CFG13,age,30162,28880,1282,534,0.018490304709141273,555,0.018400636562562165,21,-0.0021096494829322258,0.016380655226209049,49
CFG13,age,30162,28880,1282,553,0.01914819944598338,575,0.019063722564816657,22,-0.0019875130185262814,0.017160686427457099,50
CFG13,age,30162,28880,1282,554,0.019182825484764542,571,0.01893110536436576,17,-0.0059222950635476942,0.013260530421216849,51
CFG13,age,30162,28880,1282,436,0.015096952908587258,455,0.015085206551289702,19,-0.0002763600848743091,0.014820592823712949,52
CFG13,age,30162,28880,1282,426,0.014750692520775623,448,0.014853126450500629,22,0.0024099939066814752,0.017160686427457099,53
CFG13,age,30162,28880,1282,383,0.013261772853185595,394,0.013062794244413501,11,-0.0046814296394570463,0.0085803432137285494,54
CFG13,age,30162,28880,1282,370,0.012811634349030472,386,0.012797559843511703,16,-0.00033113512906167214,0.012480499219968799,55
CFG13,age,30162,28880,1282,330,0.011426592797783934,343,0.011371924938664544,13,-0.0012861871815592846,0.010140405616224649,56
CFG13,age,30162,28880,1282,319,0.011045706371191136,337,0.011172999137988197,18,0.0029948552512737629,0.014040561622464899,57
CFG13,age,30162,28880,1282,329,0.01139196675900277,344,0.011405079238777269,15,0.00030850125971797876,0.011700468018720749,58
CFG13,age,30162,28880,1282,320,0.011080332409972299,332,0.011007227637424575,12,-0.0017199579949957,0.0093603744149765994,59
CFG13,age,30162,28880,1282,269,0.0093144044321329632,276,0.0091505868311119957,7,-0.0038541860233966144,0.0054602184087363496,60
CFG13,age,30162,28880,1282,243,0.0084141274238227152,259,0.0085869637291956773,16,0.004066371796146084,0.012480499219968799,61
CFG13,age,30162,28880,1282,205,0.007098337950138504,213,0.0070618659240103444,8,-0.00085808834015410477,0.0062402496099843996,62
CFG13,age,30162,28880,1282,177,0.0061288088642659283,186,0.0061666998209667792,9,0.00089147194696652127,0.0070202808112324495,63
CFG13,age,30162,28880,1282,166,0.0057479224376731303,173,0.0057356939195013596,7,-0.00028770402893678071,0.0054602184087363496,64
CFG13,age,30162,28880,1282,130,0.0045013850415512469,136,0.0045089848153305485,6,0.00017880216593705298,0.0046801872074882997,65
CFG13,age,30162,28880,1282,104,0.0036011080332409972,110,0.0036469730123997084,6,0.0010790791742473023,0.0046801872074882997,66
CFG13,age,30162,28880,1282,105,0.0036357340720221606,111,0.0036801273125124326,6,0.0010444531354661388,0.0046801872074882997,67
CFG13,age,30162,28880,1282,83,0.0028739612188365652,90,0.002983887010145216,7,0.0025862571898997845,0.0054602184087363496,68
CFG13,age,30162,28880,1282,77,0.0026662049861495844,80,0.0026523440090179696,3,-0.00032611138240543471,0.0023400936037441498,69
CFG13,age,30162,28880,1282,63,0.0021814404432132966,64,0.0021218752072143755,1,-0.0014014092419652464,0.00078003120124804995,70
CFG13,age,30162,28880,1282,51,0.0017659279778393351,54,0.0017903322060871295,3,0.00057416562590481459,0.0023400936037441498,71
CFG13,age,30162,28880,1282,36,0.0012465373961218836,40,0.0013261720045089848,4,0.001873587408870316,0.0031201248049921998,72
CFG13,age,30162,28880,1282,46,0.0015927977839335181,49,0.0016245607055235063,3,0.00074729581981063174,0.0023400936037441498,73
CFG13,age,30162,28880,1282,35,0.0012119113573407201,38,0.0012598634042835356,3,0.0011281822464034295,0.0023400936037441498,74
CFG13,age,30162,28880,1282,30,0.0010387811634349031,34,0.0011272462038326371,4,0.0020813436415572967,0.0031201248049921998,75
CFG13,age,30162,28880,1282,28,0.0009695290858725762,29,0.00096147470326901402,1,-0.00018949788462452625,0.00078003120124804995,76
CFG13,age,30162,28880,1282,20,0.0006925207756232687,20,0.0006630860022544924,0,-0.0006925207756232687,0,77
CFG13,age,30162,28880,1282,12,0.0004155124653739612,14,0.00046416020157814467,2,0.0011445499371221387,0.0015600624024960999,78
CFG13,age,30162,28880,1282,15,0.00051939058171745155,15,0.0004973145016908693,0,-0.00051939058171745155,0,79
CFG13,age,30162,28880,1282,15,0.00051939058171745155,16,0.00053046880180359387,1,0.0002606406195305984,0.00078003120124804995,80
CFG13,age,30162,28880,1282,10,0.00034626038781163435,13,0.00043100590146542009,3,0.0019938332159325153,0.0023400936037441498,81
CFG13,age,30162,28880,1282,6,0.0002077562326869806,7,0.00023208010078907233,1,0.00057227496856106935,0.00078003120124804995,82
CFG13,age,30162,28880,1282,5,0.00017313019390581717,5,0.0001657715005636231,0,-0.00017313019390581717,0,83
CFG13,age,30162,28880,1282,8,0.0002770083102493075,8,0.00026523440090179694,0,-0.0002770083102493075,0,84
CFG13,age,30162,28880,1282,3,0.0001038781163434903,3,9.9462900338173865e-05,0,-0.0001038781163434903,0,85
CFG13,age,30162,28880,1282,1,3.4626038781163438e-05,1,3.3154300112724617e-05,0,-3.4626038781163438e-05,0,86
CFG13,age,30162,28880,1282,3,0.0001038781163434903,3,9.9462900338173865e-05,0,-0.0001038781163434903,0,88
CFG13,age,30162,28880,1282,34,0.0011772853185595567,35,0.0011604005039453618,1,-0.00039725411731150685,0.00078003120124804995,90
CFG13,education,30162,28880,1282,783,0.02711218836565097,820,0.027186526092434188,37,0.0017489660805268775,0.028861154446177848,10th
CFG13,education,30162,28880,1282,1007,0.034868421052631576,1048,0.034745706518135404,41,-0.0028871418014615323,0.031981279251170044,11th
CFG13,education,30162,28880,1282,352,0.01218836565096953,377,0.012499171142497182,25,0.0073124143802317191,0.019500780031201249,12th
CFG13,education,30162,28880,1282,55,0.001904432132963989,151,0.0050062993170214174,96,0.07297856318684881,0.074882995319812795,1st-4th
CFG13,education,30162,28880,1282,98,0.0033933518005540165,288,0.0095484384324646902,190,0.14481257643657547,0.1482059282371295,5th-6th
CFG13,education,30162,28880,1282,526,0.018213296398891968,557,0.018466945162787615,31,0.0059676708397975809,0.024180967238689548,7th-8th
CFG13,education,30162,28880,1282,433,0.014993074792243767,455,0.015085206551289702,22,0.002167611635213331,0.017160686427457099,9th
CFG13,education,30162,28880,1282,978,0.033864265927977838,1008,0.03341953451362642,30,-0.010463329890536341,0.023400936037441498,Assoc-acdm
CFG13,education,30162,28880,1282,1273,0.044078947368421051,1307,0.043332670247331076,34,-0.017557886525987356,0.026521060842433698,Assoc-voc
CFG13,education,30162,28880,1282,4940,0.17105263157894737,5044,0.16723028976858298,104,-0.089929386649150178,0.081123244929797195,Bachelors
CFG13,education,30162,28880,1282,370,0.012811634349030472,375,0.012432862542271732,5,-0.008911478342790222,0.0039001560062402497,Doctorate
CFG13,education,30162,28880,1282,9408,0.32576177285318558,9840,0.32623831310921025,432,0.011211706085971971,0.33697347893915758,HS-grad
CFG13,education,30162,28880,1282,1592,0.055124653739612187,1627,0.053942046283402954,35,-0.027823561695930442,0.027301092043681748,Masters
CFG13,education,30162,28880,1282,9,0.0003116343490304709,45,0.001491943505072608,36,0.027769488895899325,0.028081123244929798,Preschool
CFG13,education,30162,28880,1282,533,0.018455678670360111,542,0.017969630661096744,9,-0.011435397859127661,0.0070202808112324495,Prof-school
CFG13,education,30162,28880,1282,6523,0.2258656509695291,6678,0.22140441615277501,155,-0.10496081477608135,0.12090483619344773,Some-college
CFG13,marital-status,30162,28880,1282,4021,0.13923130193905817,4214,0.13971222067502154,193,0.011314719901815463,0.15054602184087362,Divorced
CFG13,marital-status,30162,28880,1282,21,0.00072714681440443215,21,0.00069624030236721708,0,-0.00072714681440443215,0,Married-AF-spouse
CFG13,marital-status,30162,28880,1282,13750,0.47610803324099721,14065,0.46631523108547179,315,-0.2303982048478615,0.24570982839313574,Married-civ-spouse
CFG13,marital-status,30162,28880,1282,292,0.010110803324099723,370,0.01226709104170811,78,0.050731630373248168,0.060842433697347896,Married-spouse-absent
CFG13,marital-status,30162,28880,1282,9182,0.31793628808864266,9726,0.32245872289635968,544,0.1064006853902965,0.42433697347893917,Never-married
CFG13,marital-status,30162,28880,1282,853,0.029536011080332408,939,0.03113188780584842,86,0.03754667222699988,0.067082683307332289,Separated
CFG13,marital-status,30162,28880,1282,761,0.026350415512465374,827,0.027418606193223262,66,0.025131643769905922,0.051482059282371297,Widowed
CFG13,native-country,30162,28880,1282,15,0.00051939058171745155,18,0.00059677740202904314,3,0.0018207030220266983,0.0023400936037441498,Cambodia
CFG13,native-country,30162,28880,1282,106,0.0036703601108033241,107,0.0035475101120615343,1,-0.0028903289095552741,0.00078003120124804995,Canada
CFG13,native-country,30162,28880,1282,57,0.0019736842105263159,68,0.0022544924076652742,11,0.0066066590032022336,0.0085803432137285494,China
CFG13,native-country,30162,28880,1282,10,0.00034626038781163435,56,0.0018566408063125787,46,0.03553517486959866,0.035881435257410298,Columbia
CFG13,native-country,30162,28880,1282,86,0.0029778393351800555,92,0.0030501956103706649,6,0.0017023478723082442,0.0046801872074882997,Cuba
CFG13,native-country,30162,28880,1282,46,0.0015927977839335181,67,0.0022213381075525496,21,0.01478785744227553,0.016380655226209049,Dominican-Republic
CFG13,native-country,30162,28880,1282,8,0.0002770083102493075,27,0.00089516610304356476,19,0.014543584513463641,0.014820592823712949,Ecuador
CFG13,native-country,30162,28880,1282,74,0.0025623268698060941,100,0.003315430011272462,26,0.017718484362643203,0.020280811232449299,El-Salvador
CFG13,native-country,30162,28880,1282,64,0.00221606648199446,86,0.0028512698096943173,22,0.014944619945462638,0.017160686427457099,England
CFG13,native-country,30162,28880,1282,22,0.0007617728531855956,27,0.00089516610304356476,5,0.0031383831530546543,0.0039001560062402497,France
CFG13,native-country,30162,28880,1282,102,0.0035318559556786703,128,0.004243750414428751,26,0.016748955276770627,0.020280811232449299,Germany
CFG13,native-country,30162,28880,1282,25,0.00086565096952908585,29,0.00096147470326901402,4,0.0022544738354631139,0.0031201248049921998,Greece
CFG13,native-country,30162,28880,1282,42,0.0014542936288088643,63,0.0020887209071016512,21,0.014926361597400184,0.016380655226209049,Guatemala
CFG13,native-country,30162,28880,1282,37,0.001281163434903047,42,0.0013924806047344342,5,0.0026189925713372025,0.0039001560062402497,Haiti
CFG13,native-country,30162,28880,1282,1,3.4626038781163438e-05,1,3.3154300112724617e-05,0,-3.4626038781163438e-05,0,Holand-Netherlands
CFG13,native-country,30162,28880,1282,9,0.0003116343490304709,12,0.00039785160135269546,3,0.0020284592547136788,0.0023400936037441498,Honduras
CFG13,native-country,30162,28880,1282,16,0.000554016620498615,19,0.00062993170214176782,3,0.0017860769832455348,0.0023400936037441498,Hong
CFG13,native-country,30162,28880,1282,13,0.00045013850415512465,13,0.00043100590146542009,0,-0.00045013850415512465,0,Hungary
CFG13,native-country,30162,28880,1282,76,0.002631578947368421,100,0.003315430011272462,24,0.016089169882584776,0.018720748829953199,India
CFG13,native-country,30162,28880,1282,22,0.0007617728531855956,42,0.0013924806047344342,20,0.014838851171775403,0.015600624024960999,Iran
CFG13,native-country,30162,28880,1282,19,0.00065789473684210525,24,0.00079570320270539092,5,0.0032422612693981442,0.0039001560062402497,Ireland
CFG13,native-country,30162,28880,1282,53,0.001835180055401662,68,0.0022544924076652742,15,0.0098652879633190863,0.011700468018720749,Italy
CFG13,native-country,30162,28880,1282,78,0.0027008310249307479,80,0.0026523440090179696,2,-0.001140768622434648,0.0015600624024960999,Jamaica
CFG13,native-country,30162,28880,1282,40,0.0013850415512465374,59,0.0019561037066507525,19,0.013435551272466411,0.014820592823712949,Japan
CFG13,native-country,30162,28880,1282,13,0.00045013850415512465,17,0.00056362310191631856,4,0.0026699863008370749,0.0031201248049921998,Laos
CFG13,native-country,30162,28880,1282,473,0.016378116343490304,610,0.020224123068762017,137,0.090486158227492536,0.10686427457098284,Mexico
CFG13,native-country,30162,28880,1282,5,0.00017313019390581717,33,0.0010940919037199124,28,0.02166774344103958,0.021840873634945399,Nicaragua
CFG13,native-country,30162,28880,1282,14,0.0004847645429362881,14,0.00046416020157814467,0,-0.0004847645429362881,0,Outlying-US(Guam-USVI-etc)
CFG13,native-country,30162,28880,1282,6,0.0002077562326869806,30,0.00099462900338173859,24,0.018512992597266218,0.018720748829953199,Peru
CFG13,native-country,30162,28880,1282,145,0.0050207756232686978,188,0.0062330084211922286,43,0.028520566030397449,0.033541341653666144,Philippines
CFG13,native-country,30162,28880,1282,46,0.0015927977839335181,56,0.0018566408063125787,10,0.0062075142285469816,0.0078003120124804995,Poland
CFG13,native-country,30162,28880,1282,22,0.0007617728531855956,34,0.0011272462038326371,12,0.0085986015617910035,0.0093603744149765994,Portugal
CFG13,native-country,30162,28880,1282,80,0.0027700831024930748,109,0.0036138187122869837,29,0.019850821733700372,0.022620904836193449,Puerto-Rico
CFG13,native-country,30162,28880,1282,9,0.0003116343490304709,11,0.00036469730123997083,2,0.0012484280534656288,0.0015600624024960999,Scotland
CFG13,native-country,30162,28880,1282,17,0.00058864265927977835,71,0.0023539553080034479,54,0.04153304220811492,0.042121684867394697,South
CFG13,native-country,30162,28880,1282,37,0.001281163434903047,42,0.0013924806047344342,5,0.0026189925713372025,0.0039001560062402497,Taiwan
CFG13,native-country,30162,28880,1282,13,0.00045013850415512465,17,0.00056362310191631856,4,0.0026699863008370749,0.0031201248049921998,Thailand
CFG13,native-country,30162,28880,1282,0,0,18,0.00059677740202904314,18,0.014040561622464899,0.014040561622464899,Trinadad&Tobago
CFG13,native-country,30162,28880,1282,26918,0.9320637119113574,27504,0.91187587030037798,586,-0.47496542798000008,0.45709828393135726,United-States
CFG13,native-country,30162,28880,1282,47,0.0016274238227146813,64,0.0021218752072143755,17,0.011633106598502167,0.013260530421216849,Vietnam
CFG13,native-country,30162,28880,1282,14,0.0004847645429362881,16,0.00053046880180359387,2,0.0010752978595598118,0.0015600624024960999,Yugoslavia
CFG13,occupation,30162,28880,1282,3557,0.12316481994459834,3721,0.12336715071944832,164,0.0047602970600818494,0.12792511700468018,Adm-clerical
CFG13,occupation,30162,28880,1282,9,0.0003116343490304709,9,0.00029838870101452157,0,-0.0003116343490304709,0,Armed-Forces
CFG13,occupation,30162,28880,1282,3936,0.13628808864265929,4030,0.13361182945428021,94,-0.062965155725342586,0.073322932917316688,Craft-repair
CFG13,occupation,30162,28880,1282,3887,0.13459141274238226,3992,0.13235196604999669,105,-0.052688136611337033,0.081903276131045241,Exec-managerial
CFG13,occupation,30162,28880,1282,925,0.032029085872576177,989,0.032789602811484651,64,0.017892911007299016,0.049921996879875197,Farming-fishing
CFG13,occupation,30162,28880,1282,1260,0.043628808864265928,1350,0.04475830515217824,90,0.026573999248058564,0.070202808112324488,Handlers-cleaners
CFG13,occupation,30162,28880,1282,1832,0.063434903047091415,1966,0.065181354021616608,134,0.041089277920147278,0.10452418096723869,Machine-op-inspct
CFG13,occupation,30162,28880,1282,2950,0.10214681440443213,3212,0.10649161196207148,262,0.10222136032255695,0.20436817472698907,Other-service
CFG13,occupation,30162,28880,1282,111,0.0038434903047091414,143,0.0047410649161196208,32,0.021117508135228457,0.024960998439937598,Priv-house-serv
CFG13,occupation,30162,28880,1282,3935,0.13625346260387811,4038,0.13387706385518203,103,-0.055910248875328972,0.080343213728549148,Prof-specialty
CFG13,occupation,30162,28880,1282,605,0.020948753462603879,644,0.021351369272594657,39,0.0094724633860700687,0.030421216848673948,Protective-serv
CFG13,occupation,30162,28880,1282,3486,0.12070637119113574,3584,0.11882501160400503,98,-0.044263313468826844,0.076443057722308888,Sales
CFG13,occupation,30162,28880,1282,872,0.030193905817174516,912,0.030236721702804854,40,0.0010073422327474817,0.031201248049921998,Tech-support
CFG13,occupation,30162,28880,1282,1515,0.052458448753462603,1572,0.052118559777203102,57,-0.007996670282323759,0.044461778471138844,Transport-moving
CFG13,race,30162,28880,1282,141,0.004882271468144044,286,0.0094821298322392417,145,0.10822225271282319,0.11310452418096724,Amer-Indian-Eskimo
CFG13,race,30162,28880,1282,653,0.022610803324099722,895,0.029673098600888535,242,0.16615674737792835,0.18876755070202808,Asian-Pac-Islander
CFG13,race,30162,28880,1282,2590,0.089681440443213301,2817,0.093395663417545252,227,0.087385642240094041,0.17706708268330734,Black
CFG13,race,30162,28880,1282,39,0.0013504155124653739,231,0.007658643326039387,192,0.14841557512716022,0.14976599063962559,Other
CFG13,race,30162,28880,1282,25457,0.88147506925207753,25933,0.85979046482328758,476,-0.51018021745800579,0.37129485179407179,White
CFG13,salary-class,30162,28880,1282,21479,0.74373268698060946,22654,0.75107751475366358,1175,0.17280397448584925,0.91653666146645862,<=50K
CFG13,salary-class,30162,28880,1282,7401,0.2562673130193906,7508,0.24892248524633645,107,-0.17280397448584925,0.083463338533541348,>50K
CFG13,sex,30162,28880,1282,9143,0.31658587257617726,9782,0.32431536370267222,639,0.18185406502132662,0.49843993759750388,Female
CFG13,sex,30162,28880,1282,19737,0.68341412742382268,20380,0.67568463629732778,643,-0.18185406502132662,0.50156006240249607,Male
CFG13,workclass,30162,28880,1282,835,0.02891274238227147,943,0.03126450500629932,108,0.055330627352517925,0.084243369734789394,Federal-gov
CFG13,workclass,30162,28880,1282,1897,0.065685595567867031,2067,0.068529938333001791,170,0.066919708644301454,0.13260530421216848,Local-gov
CFG13,workclass,30162,28880,1282,21463,0.74317867036011076,22286,0.73887673231218087,823,-0.10121299173296572,0.64196567862714504,Private
CFG13,workclass,30162,28880,1282,1057,0.036599722991689752,1074,0.03560771832106624,17,-0.023339192570472903,0.013260530421216849,Self-emp-inc
CFG13,workclass,30162,28880,1282,2451,0.084868421052631579,2499,0.082852595981698821,48,-0.047426923392725182,0.037441497659906398,Self-emp-not-inc
CFG13,workclass,30162,28880,1282,1177,0.04075484764542936,1279,0.042404349844174787,102,0.038808334881871728,0.079563182527301088,State-gov
CFG13,workclass,30162,28880,1282,0,0,14,0.00046416020157814467,14,0.010920436817472699,0.010920436817472699,Without-pay
CFG14,age,30162,28660,1502,319,0.01113049546406141,328,0.010874610436973676,9,-0.0051384848115980271,0.0059920106524633818,17
CFG14,age,30162,28660,1502,434,0.015143056524773203,447,0.014819972150387906,13,-0.00648793002677054,0.0086551264980026625,18
CFG14,age,30162,28660,1502,568,0.019818562456385205,594,0.019693654266958426,26,-0.0025083094603798794,0.017310252996005325,19
CFG14,age,30162,28660,1502,600,0.0209351011863224,629,0.020854054770903786,29,-0.0016275113061626136,0.019307589880159785,20
CFG14,age,30162,28660,1502,594,0.020725750174459177,621,0.020588820370001988,27,-0.0027497182170690302,0.017976031957390146,21
CFG14,age,30162,28660,1502,636,0.022191207257501743,674,0.022345998275976393,38,0.0031083932751214244,0.02529960053262317,22
CFG14,age,30162,28660,1502,790,0.027564549895324496,824,0.027319143292885088,34,-0.0049280652082406059,0.022636484687083888,23
CFG14,age,30162,28660,1502,717,0.025017445917655267,752,0.024932033684768914,35,-0.0017151822691865602,0.023302263648468709,24
CFG14,age,30162,28660,1502,760,0.026517794836008374,799,0.026490285790066972,39,-0.00055241534200038472,0.025965379494007991,25
CFG14,age,30162,28660,1502,700,0.024424284717376135,745,0.024699953583979844,45,0.0055357685449407765,0.029960053262316912,26
CFG14,age,30162,28660,1502,752,0.026238660153524076,789,0.026158742788939725,37,-0.0016048385822857265,0.024633821571238348,27
CFG14,age,30162,28660,1502,766,0.026727145847871597,808,0.026788674491081493,42,0.0012355705302908521,0.027962716378162451,28
CFG14,age,30162,28660,1502,722,0.025191905094207954,774,0.025661428287248857,52,0.0094286008978026973,0.03462050599201065,29
CFG14,age,30162,28660,1502,771,0.026901605024424284,813,0.026954445991645117,42,0.0010611113537381653,0.027962716378162451,30
CFG14,age,30162,28660,1502,806,0.028122819260293093,851,0.028214309395928651,45,0.0018372340020238194,0.029960053262316912,31
CFG14,age,30162,28660,1502,748,0.026099092812281927,789,0.026158742788939725,41,0.0011978446044957037,0.02729693741677763,32
CFG14,age,30162,28660,1502,789,0.027529658060013958,837,0.027750149194350506,48,0.0044277320864574143,0.031957390146471372,33
CFG14,age,30162,28660,1502,805,0.028087927424982555,836,0.027716994894237783,31,-0.0074487796220531269,0.020639147802929428,34
CFG14,age,30162,28660,1502,794,0.027704117236566645,828,0.027451760493335985,34,-0.0050676325494827552,0.022636484687083888,35
CFG14,age,30162,28660,1502,800,0.027913468248429867,852,0.028247463696041378,52,0.0067070377435807854,0.03462050599201065,36
CFG14,age,30162,28660,1502,785,0.027390090718771808,828,0.027451760493335985,43,0.001238404620775463,0.028628495339547269,37
CFG14,age,30162,28660,1502,756,0.026378227494766225,791,0.026225051389165175,35,-0.0030759638462975161,0.023302263648468709,38
CFG14,age,30162,28660,1502,739,0.02578506629448709,786,0.026059279888601551,47,0.0055065448905994609,0.031291611185086554,39
CFG14,age,30162,28660,1502,732,0.025540823447313329,765,0.025363039586234336,33,-0.0035701177216142608,0.021970705725699067,40
CFG14,age,30162,28660,1502,727,0.025366364270760642,769,0.025495656786685233,42,0.0025963521074018081,0.027962716378162451,41
CFG14,age,30162,28660,1502,704,0.024563852058618284,741,0.024567336383528943,37,6.9969512620065544e-05,0.024633821571238348,42
CFG14,age,30162,28660,1502,702,0.024494068387997208,743,0.024633644983754394,41,0.0028028690287804211,0.02729693741677763,43
CFG14,age,30162,28660,1502,673,0.023482205163991625,704,0.023340627279358133,31,-0.0028430573610621983,0.020639147802929428,44
CFG14,age,30162,28660,1502,677,0.023621772505233774,706,0.023406935879583583,29,-0.004314182625073988,0.019307589880159785,45
CFG14,age,30162,28660,1502,672,0.02344731332868109,711,0.023572707380147204,39,0.0025180661653269008,0.025965379494007991,46
CFG14,age,30162,28660,1502,652,0.02274947662247034,683,0.022644386976990914,31,-0.0021103288195409146,0.020639147802929428,47
CFG14,age,30162,28660,1502,499,0.017411025819958129,523,0.017339698958954975,24,-0.001432330746722444,0.015978695073235686,48
CFG14,age,30162,28660,1502,531,0.018527564549895324,555,0.018400636562562165,24,-0.0025488694766596389,0.015978695073235686,49
CFG14,age,30162,28660,1502,549,0.019155617585484997,575,0.019063722564816657,26,-0.0018453645894796703,0.017310252996005325,50
CFG14,age,30162,28660,1502,540,0.01884159106769016,571,0.01893110536436576,31,0.0017975567352392669,0.020639147802929428,51
CFG14,age,30162,28660,1502,432,0.015073272854152128,455,0.015085206551289702,23,0.0002396432576987371,0.015312916111850865,52
CFG14,age,30162,28660,1502,420,0.01465457083042568,448,0.014853126450500629,28,0.0039872400883492866,0.018641810918774968,53
CFG14,age,30162,28660,1502,384,0.013398464759246336,394,0.013062794244413501,10,-0.0067406751453981343,0.0066577896138482022,54
CFG14,age,30162,28660,1502,365,0.012735519888346127,386,0.012797559843511703,21,0.001245838300735098,0.013981358189081226,55
CFG14,age,30162,28660,1502,324,0.011304954640614095,343,0.011371924938664544,19,0.0013448456256974883,0.012649800266311585,56
CFG14,age,30162,28660,1502,322,0.011235170969993021,337,0.011172999137988197,15,-0.001248486549220718,0.0099866844207723033,57
CFG14,age,30162,28660,1502,333,0.011618981158408932,344,0.011405079238777269,11,-0.0042954125831759097,0.0073235685752330226,58
CFG14,age,30162,28660,1502,315,0.01099092812281926,332,0.011007227637424575,17,0.00032731422072268377,0.011318242343541944,59
CFG14,age,30162,28660,1502,265,0.0092463363572923944,276,0.0091505868311119957,11,-0.001922767782059371,0.0073235685752330226,60
CFG14,age,30162,28660,1502,246,0.0085833914863921845,259,0.0085869637291956773,13,7.1735011610478885e-05,0.0086551264980026625,61
CFG14,age,30162,28660,1502,201,0.0070132588974180041,213,0.0070618659240103444,12,0.00097608863919983874,0.007989347536617843,62
CFG14,age,30162,28660,1502,178,0.0062107466852756458,186,0.0061666998209667792,8,-0.00088451499419708358,0.0053262316910785623,63
CFG14,age,30162,28660,1502,165,0.0057571528262386606,173,0.0057356939195013596,8,-0.00043092113516009825,0.0053262316910785623,64
CFG14,age,30162,28660,1502,126,0.0043963712491277042,136,0.0045089848153305485,10,0.0022614183647204984,0.0066577896138482022,65
CFG14,age,30162,28660,1502,101,0.0035240753663642707,110,0.0036469730123997084,9,0.0024679352860991115,0.0059920106524633818,66
CFG14,age,30162,28660,1502,104,0.0036287508722958827,111,0.0036801273125124326,7,0.001031701857397859,0.0046604527296937419,67
CFG14,age,30162,28660,1502,82,0.0028611304954640612,90,0.002983887010145216,8,0.0024651011956145007,0.0053262316910785623,68
CFG14,age,30162,28660,1502,75,0.0026168876482902999,80,0.0026523440090179696,5,0.00071200715863380115,0.0033288948069241011,69
CFG14,age,30162,28660,1502,61,0.0021284019539427775,64,0.0021218752072143755,3,-0.00013106506978831668,0.0019973368841544607,70
CFG14,age,30162,28660,1502,48,0.0016748080949057921,54,0.0017903322060871295,6,0.0023198656734031292,0.0039946737683089215,71
CFG14,age,30162,28660,1502,36,0.001256106071179344,40,0.0013261720045089848,4,0.0014070097743599369,0.0026631158455392811,72
CFG14,age,30162,28660,1502,47,0.0016399162595952547,49,0.0016245607055235063,2,-0.00030835833682561423,0.0013315579227696406,73
CFG14,age,30162,28660,1502,32,0.0011165387299371947,38,0.0012598634042835356,6,0.0028781350383717268,0.0039946737683089215,74
CFG14,age,30162,28660,1502,31,0.0010816468946266574,34,0.0011272462038326371,3,0.00091568998952780336,0.0019973368841544607,75
CFG14,age,30162,28660,1502,28,0.00097697138869504542,29,0.00096147470326901402,1,-0.00031119242731022514,0.00066577896138482028,76
CFG14,age,30162,28660,1502,19,0.00066294487090020932,20,0.0006630860022544924,1,2.8340904846108885e-06,0.00066577896138482028,77
CFG14,age,30162,28660,1502,12,0.00041870202372644802,14,0.00046416020157814467,2,0.0009128558990431925,0.0013315579227696406,78
CFG14,age,30162,28660,1502,14,0.00048848569434752271,15,0.0004973145016908693,1,0.00017729326703729757,0.00066577896138482028,79
CFG14,age,30162,28660,1502,15,0.00052337752965806003,16,0.00053046880180359387,1,0.00014240143172676022,0.00066577896138482028,80
CFG14,age,30162,28660,1502,11,0.00038381018841591069,13,0.00043100590146542009,2,0.00094774773435372982,0.0013315579227696406,81
CFG14,age,30162,28660,1502,7,0.00024424284717376136,7,0.00023208010078907233,0,-0.00024424284717376136,0,82
CFG14,age,30162,28660,1502,5,0.00017445917655268666,5,0.0001657715005636231,0,-0.00017445917655268666,0,83
CFG14,age,30162,28660,1502,8,0.00027913468248429868,8,0.00026523440090179694,0,-0.00027913468248429868,0,84
CFG14,age,30162,28660,1502,3,0.000104675505931612,3,9.9462900338173865e-05,0,-0.000104675505931612,0,85
CFG14,age,30162,28660,1502,1,3.4891835310537335e-05,1,3.3154300112724617e-05,0,-3.4891835310537335e-05,0,86
CFG14,age,30162,28660,1502,3,0.000104675505931612,3,9.9462900338173865e-05,0,-0.000104675505931612,0,88
CFG14,age,30162,28660,1502,32,0.0011165387299371947,35,0.0011604005039453618,3,0.00088079815421726604,0.0019973368841544607,90
CFG14,education,30162,28660,1502,765,0.026692254012561062,820,0.027186526092434188,55,0.0099255888636040519,0.03661784287616511,10th
CFG14,education,30162,28660,1502,990,0.03454291695743196,1048,0.034745706518135404,58,0.0040722628028876133,0.038615179760319571,11th
CFG14,education,30162,28660,1502,353,0.012316817864619679,377,0.012499171142497182,24,0.0036618772086160069,0.015978695073235686,12th
CFG14,education,30162,28660,1502,127,0.0044312630844382415,151,0.0050062993170214174,24,0.011547431988797444,0.015978695073235686,1st-4th
CFG14,education,30162,28660,1502,262,0.0091416608513607816,288,0.0095484384324646902,26,0.0081685921446445452,0.017310252996005325,5th-6th
CFG14,education,30162,28660,1502,519,0.018108862526168876,557,0.018466945162787615,38,0.0071907380064542923,0.02529960053262317,7th-8th
CFG14,education,30162,28660,1502,419,0.014619678995115144,455,0.015085206551289702,36,0.0093483636147383854,0.023968042609853527,9th
CFG14,education,30162,28660,1502,950,0.033147243545010467,1008,0.03341953451362642,58,0.0054679362153091061,0.038615179760319571,Assoc-acdm
CFG14,education,30162,28660,1502,1250,0.043614794138171667,1307,0.043332670247331076,57,-0.0056653933392369141,0.037949400798934753,Assoc-voc
CFG14,education,30162,28660,1502,4832,0.16859734822051639,5044,0.16723028976858298,212,-0.027452208406934509,0.1411451398135819,Bachelors
CFG14,education,30162,28660,1502,356,0.012421493370551292,375,0.012432862542271732,19,0.00022830689576029356,0.012649800266311585,Doctorate
CFG14,education,30162,28660,1502,9363,0.32669225401256108,9840,0.32623831310921025,477,-0.0091156894320018056,0.31757656458055927,HS-grad
CFG14,education,30162,28660,1502,1559,0.054396371249127703,1627,0.053942046283402954,68,-0.0091234018749599272,0.045272969374167776,Masters
CFG14,education,30162,28660,1502,40,0.0013956734124214933,45,0.001491943505072608,5,0.0019332213945026078,0.0033288948069241011,Preschool
CFG14,education,30162,28660,1502,526,0.01835310537334264,542,0.017969630661096744,16,-0.0077006419911855141,0.010652463382157125,Prof-school
CFG14,education,30162,28660,1502,6349,0.22152826238660153,6678,0.22140441615277501,329,-0.0024869840909956765,0.21904127829560585,Some-college
CFG14,marital-status,30162,28660,1502,4032,0.14068387997208653,4214,0.13971222067502154,182,-0.019512109000049249,0.12117177097203728,Divorced
CFG14,marital-status,30162,28660,1502,0,0,21,0.00069624030236721708,21,0.013981358189081226,0.013981358189081226,Married-AF-spouse
CFG14,marital-status,30162,28660,1502,13842,0.48297278436845781,14065,0.46631523108547179,223,-0.33450407597964288,0.1484687083888149,Married-civ-spouse
CFG14,marital-status,30162,28660,1502,201,0.0070132588974180041,370,0.01226709104170811,169,0.10550338557661662,0.11251664447403462,Married-spouse-absent
CFG14,marital-status,30162,28660,1502,9306,0.32470341939986042,9726,0.32245872289635968,420,-0.04507625561823593,0.2796271637816245,Never-married
CFG14,marital-status,30162,28660,1502,641,0.022365666434054431,939,0.03113188780584842,298,0.176036464058622,0.19840213049267644,Separated
CFG14,marital-status,30162,28660,1502,638,0.02226099092812282,827,0.027418606193223262,189,0.1035712327736082,0.12583222370173103,Widowed
CFG14,native-country,30162,28660,1502,16,0.00055826936496859735,18,0.00059677740202904314,2,0.00077328855780104311,0.0013315579227696406,Cambodia
CFG14,native-country,30162,28660,1502,105,0.00366364270760642,107,0.0035475101120615343,2,-0.0023320847848367797,0.0013315579227696406,Canada
CFG14,native-country,30162,28660,1502,47,0.0016399162595952547,68,0.0022544924076652742,21,0.012341441929485971,0.013981358189081226,China
CFG14,native-country,30162,28660,1502,12,0.00041870202372644802,56,0.0018566408063125787,44,0.028875572277205643,0.02929427430093209,Columbia
CFG14,native-country,30162,28660,1502,90,0.0031402651779483602,92,0.0030501956103706649,2,-0.0018087072551787196,0.0013315579227696406,Cuba
CFG14,native-country,30162,28660,1502,48,0.0016748080949057921,67,0.0022213381075525496,19,0.010974992171405792,0.012649800266311585,Dominican-Republic
CFG14,native-country,30162,28660,1502,7,0.00024424284717376136,27,0.00089516610304356476,20,0.013071336380522644,0.013315579227696404,Ecuador
CFG14,native-country,30162,28660,1502,94,0.0032798325191905095,100,0.003315430011272462,6,0.00071484124911841201,0.0039946737683089215,El-Salvador
CFG14,native-country,30162,28660,1502,57,0.0019888346127006282,86,0.0028512698096943173,29,0.017318755267459157,0.019307589880159785,England
CFG14,native-country,30162,28660,1502,19,0.00066294487090020932,27,0.00089516610304356476,8,0.0046632868201783523,0.0053262316910785623,France
CFG14,native-country,30162,28660,1502,86,0.0030006978367062109,128,0.004243750414428751,42,0.02496201854145624,0.027962716378162451,Germany
CFG14,native-country,30162,28660,1502,24,0.00083740404745289603,29,0.00096147470326901402,5,0.002491490759471205,0.0033288948069241011,Greece
CFG14,native-country,30162,28660,1502,57,0.0019888346127006282,63,0.0020887209071016512,6,0.0020058391556082933,0.0039946737683089215,Guatemala
CFG14,native-country,30162,28660,1502,35,0.0012212142358688067,42,0.0013924806047344342,7,0.0034392384938249348,0.0046604527296937419,Haiti
CFG14,native-country,30162,28660,1502,1,3.4891835310537335e-05,1,3.3154300112724617e-05,0,-3.4891835310537335e-05,0,Holand-Netherlands
CFG14,native-country,30162,28660,1502,11,0.00038381018841591069,12,0.00039785160135269546,1,0.00028196877296890954,0.00066577896138482028,Honduras
CFG14,native-country,30162,28660,1502,16,0.00055826936496859735,19,0.00062993170214176782,3,0.0014390675191858634,0.0019973368841544607,Hong
CFG14,native-country,30162,28660,1502,11,0.00038381018841591069,13,0.00043100590146542009,2,0.00094774773435372982,0.0013315579227696406,Hungary
CFG14,native-country,30162,28660,1502,66,0.0023028611304954641,100,0.003315430011272462,34,0.020333623556588423,0.022636484687083888,India
CFG14,native-country,30162,28660,1502,16,0.00055826936496859735,42,0.0013924806047344342,26,0.016751983631036728,0.017310252996005325,Iran
CFG14,native-country,30162,28660,1502,20,0.00069783670621074664,24,0.00079570320270539092,4,0.0019652791393285343,0.0026631158455392811,Ireland
CFG14,native-country,30162,28660,1502,55,0.0019190509420795533,68,0.0022544924076652742,13,0.0067360755559231099,0.0086551264980026625,Italy
CFG14,native-country,30162,28660,1502,71,0.0024773203070481507,80,0.0026523440090179696,9,0.0035146903454152316,0.0059920106524633818,Jamaica
CFG14,native-country,30162,28660,1502,29,0.0010118632240055827,59,0.0019561037066507525,30,0.018961505617539023,0.019973368841544607,Japan
CFG14,native-country,30162,28660,1502,15,0.00052337752965806003,17,0.00056362310191631856,2,0.00080818039311158043,0.0013315579227696406,Laos
CFG14,native-country,30162,28660,1502,570,0.019888346127006282,610,0.020224123068762017,40,0.0067428123283865288,0.026631158455392809,Mexico
CFG14,native-country,30162,28660,1502,5,0.00017445917655268666,33,0.0010940919037199124,28,0.01846735174222228,0.018641810918774968,Nicaragua
CFG14,native-country,30162,28660,1502,14,0.00048848569434752271,14,0.00046416020157814467,0,-0.00048848569434752271,0,Outlying-US(Guam-USVI-etc)
CFG14,native-country,30162,28660,1502,6,0.00020935101186322401,30,0.00099462900338173859,24,0.01576934406137246,0.015978695073235686,Peru
CFG14,native-country,30162,28660,1502,116,0.004047452896022331,188,0.0062330084211922286,72,0.043888632323684729,0.047936085219707054,Philippines
CFG14,native-country,30162,28660,1502,39,0.001360781577110956,56,0.0018566408063125787,17,0.0099574607664309877,0.011318242343541944,Poland
CFG14,native-country,30162,28660,1502,24,0.00083740404745289603,34,0.0011272462038326371,10,0.0058203855663953065,0.0066577896138482022,Portugal
CFG14,native-country,30162,28660,1502,91,0.0031751570132588975,109,0.0036138187122869837,18,0.0088088642916678665,0.011984021304926764,Puerto-Rico
CFG14,native-country,30162,28660,1502,7,0.00024424284717376136,11,0.00036469730123997083,4,0.0024188729983655195,0.0026631158455392811,Scotland
CFG14,native-country,30162,28660,1502,24,0.00083740404745289603,71,0.0023539553080034479,47,0.030454207137633655,0.031291611185086554,South
CFG14,native-country,30162,28660,1502,31,0.0010816468946266574,42,0.0013924806047344342,11,0.0062419216806063656,0.0073235685752330226,Taiwan
CFG14,native-country,30162,28660,1502,9,0.000314026517794836,17,0.00056362310191631856,8,0.0050122051732837255,0.0053262316910785623,Thailand
CFG14,native-country,30162,28660,1502,0,0,18,0.00059677740202904314,18,0.011984021304926764,0.011984021304926764,Trinadad&Tobago
CFG14,native-country,30162,28660,1502,26658,0.93014654570830424,27504,0.91187587030037798,846,-0.36689754437674632,0.56324900133155797,United-States
CFG14,native-country,30162,28660,1502,44,0.0015352407536636428,64,0.0021218752072143755,20,0.011780338474032762,0.013315579227696404,Vietnam
CFG14,native-country,30162,28660,1502,14,0.00048848569434752271,16,0.00053046880180359387,2,0.00084307222842211775,0.0013315579227696406,Yugoslavia
CFG14,occupation,30162,28660,1502,3485,0.12159804605722262,3721,0.12336715071944832,236,0.035525788829594965,0.15712383488681758,Adm-clerical
CFG14,occupation,30162,28660,1502,9,0.000314026517794836,9,0.00029838870101452157,0,-0.000314026517794836,0,Armed-Forces
CFG14,occupation,30162,28660,1502,3948,0.13775296580600141,4030,0.13361182945428021,82,-0.083159090972446142,0.05459387483355526,Craft-repair
CFG14,occupation,30162,28660,1502,3819,0.13325191905094208,3992,0.13235196604999669,173,-0.018072158731368179,0.1151797603195739,Exec-managerial
CFG14,occupation,30162,28660,1502,937,0.032693649685973485,989,0.032789602811484651,52,0.0019268563060371702,0.03462050599201065,Farming-fishing
CFG14,occupation,30162,28660,1502,1272,0.044382414515003486,1350,0.04475830515217824,78,0.0075483444730124897,0.051930758988015982,Handlers-cleaners
CFG14,occupation,30162,28660,1502,1865,0.065073272854152125,1966,0.065181354021616608,101,0.0021704022457147156,0.06724367509986684,Machine-op-inspct
CFG14,occupation,30162,28660,1502,2927,0.10212840195394278,3212,0.10649161196207148,285,0.087618602040730992,0.18974700399467376,Other-service
CFG14,occupation,30162,28660,1502,124,0.0043265875785066295,143,0.0047410649161196208,19,0.0083232126878049553,0.012649800266311585,Priv-house-serv
CFG14,occupation,30162,28660,1502,3867,0.13492672714584786,4038,0.13387706385518203,171,-0.02107852474904361,0.11384820239680427,Prof-specialty
CFG14,occupation,30162,28660,1502,594,0.020725750174459177,644,0.021351369272594657,50,0.012563197894781835,0.033288948069241014,Protective-serv
CFG14,occupation,30162,28660,1502,3435,0.11985345429169575,3584,0.11882501160400503,149,-0.020652389045357527,0.099201065246338219,Sales
CFG14,occupation,30162,28660,1502,871,0.03039078855547802,912,0.030236721702804854,41,-0.0030938511387003883,0.02729693741677763,Tech-support
CFG14,occupation,30162,28660,1502,1507,0.052581995812979759,1572,0.052118559777203102,65,-0.0093063633229664468,0.043275632490013316,Transport-moving
CFG14,race,30162,28660,1502,113,0.003942777390090719,286,0.0094821298322392417,173,0.11123698292948318,0.1151797603195739,Amer-Indian-Eskimo
CFG14,race,30162,28660,1502,539,0.018806699232379622,895,0.029673098600888535,356,0.21821061102061637,0.23701731025299599,Asian-Pac-Islander
CFG14,race,30162,28660,1502,2447,0.085380321004884852,2817,0.093395663417545252,370,0.16095789470749863,0.24633821571238348,Black
CFG14,race,30162,28660,1502,46,0.0016050244242847174,231,0.007658643326039387,185,0.12156408343190703,0.12316910785619174,Other
CFG14,race,30162,28660,1502,25515,0.89026517794836013,25933,0.85979046482328758,418,-0.6119695720895052,0.27829560585885488,White
CFG14,salary-class,30162,28660,1502,21326,0.74410327983251923,22654,0.75107751475366358,1328,0.14005118088652208,0.88415446071904125,<=50K
CFG14,salary-class,30162,28660,1502,7334,0.25589672016748083,7508,0.24892248524633645,174,-0.14005118088652208,0.11584553928095873,>50K
CFG14,sex,30162,28660,1502,8959,0.31259595254710398,9782,0.32431536370267222,823,0.23534013267260309,0.54793608521970705,Female
CFG14,sex,30162,28660,1502,19701,0.68740404745289607,20380,0.67568463629732778,679,-0.23534013267260309,0.45206391478029295,Male
CFG14,workclass,30162,28660,1502,821,0.028646196789951152,943,0.03126450500629932,122,0.052578836498996917,0.081225033288948076,Federal-gov
CFG14,workclass,30162,28660,1502,1879,0.065561758548499646,2067,0.068529938333001791,188,0.059604686191846556,0.12516644474034622,Local-gov
CFG14,workclass,30162,28660,1502,21309,0.74351011863224004,22286,0.73887673231218087,977,-0.093044073359270688,0.65046604527296936,Private
CFG14,workclass,30162,28660,1502,1053,0.03674110258199581,1074,0.03560771832106624,21,-0.022759744392914588,0.013981358189081226,Self-emp-inc
CFG14,workclass,30162,28660,1502,2440,0.085136078157711098,2499,0.082852595981698821,59,-0.045855119436006703,0.039280958721704395,Self-emp-not-inc
CFG14,workclass,30162,28660,1502,1158,0.04040474528960223,1279,0.042404349844174787,121,0.040154509037961014,0.080559254327563251,State-gov
CFG14,workclass,30162,28660,1502,0,0,14,0.00046416020157814467,14,0.0093209054593874838,0.0093209054593874838,Without-pay
CFG15,age,30162,29846,316,327,0.010956242042484755,328,0.010874610436973676,1,-0.007791685080459439,0.0031645569620253164,17
CFG15,age,30162,29846,316,444,0.014876365342089392,447,0.014819972150387906,3,-0.0053826944560134427,0.0094936708860759497,18
CFG15,age,30162,29846,316,588,0.019701132480064332,594,0.019693654266958426,6,-0.00071379070791243154,0.018987341772151899,19
CFG15,age,30162,29846,316,624,0.020907324264558064,629,0.020854054770903786,5,-0.0050845394544314828,0.015822784810126583,20
CFG15,age,30162,29846,316,614,0.020572270991087584,621,0.020588820370001988,7,0.0015796277430896323,0.022151898734177215,21
CFG15,age,30162,29846,316,671,0.02248207464986933,674,0.022345998275976393,3,-0.01298840376379338,0.0094936708860759497,22
CFG15,age,30162,29846,316,816,0.027340347115191316,824,0.027319143292885088,8,-0.0020238914189887837,0.025316455696202531,23
CFG15,age,30162,29846,316,746,0.024994974200897944,752,0.024932033684768914,6,-0.0060076324287460436,0.018987341772151899,24
CFG15,age,30162,29846,316,789,0.026435703276821015,799,0.026490285790066972,10,0.0052098663434321504,0.031645569620253167,25
CFG15,age,30162,29846,316,736,0.02465992092742746,745,0.024699953583979844,9,0.0038210917308003872,0.028481012658227847,26
CFG15,age,30162,29846,316,782,0.026201165985391676,789,0.026158742788939725,7,-0.0040492672512144621,0.022151898734177215,27
CFG15,age,30162,29846,316,798,0.026737251222944448,808,0.026788674491081493,10,0.0049083183973087164,0.031645569620253167,28
CFG15,age,30162,29846,316,756,0.025330027474368425,774,0.025661428287248857,18,0.03163199784208727,0.056962025316455694,29
CFG15,age,30162,29846,316,803,0.02690477785967969,813,0.026954445991645117,10,0.0047407917605734751,0.031645569620253167,30
CFG15,age,30162,29846,316,847,0.02837901226294981,851,0.028214309395928651,4,-0.015720784414848542,0.012658227848101266,31
CFG15,age,30162,29846,316,776,0.026000134021309389,789,0.026158742788939725,13,0.015139106485019725,0.041139240506329111,32
CFG15,age,30162,29846,316,825,0.027641895061314748,837,0.027750149194350506,12,0.010332788482989049,0.037974683544303799,33
CFG15,age,30162,29846,316,827,0.027708905716008845,836,0.027716994894237783,9,0.00077210694221900274,0.028481012658227847,34
CFG15,age,30162,29846,316,822,0.027541379079273603,828,0.027451760493335985,6,-0.0085540373071217052,0.018987341772151899,35
CFG15,age,30162,29846,316,843,0.028244990953561616,852,0.028247463696041378,9,0.0002360217046662318,0.028481012658227847,36
CFG15,age,30162,29846,316,819,0.027440863097232461,828,0.027451760493335985,9,0.0010401495609953881,0.028481012658227847,37
CFG15,age,30162,29846,316,780,0.02613415533069758,791,0.026225051389165175,11,0.0086759712515808995,0.034810126582278479,38
CFG15,age,30162,29846,316,780,0.02613415533069758,786,0.026059279888601551,6,-0.0071468135585456821,0.018987341772151899,39
CFG15,age,30162,29846,316,759,0.02543054345640957,765,0.025363039586234336,6,-0.0064432016842576705,0.018987341772151899,40
CFG15,age,30162,29846,316,759,0.02543054345640957,769,0.025495656786685233,10,0.0062150261638435952,0.031645569620253167,41
CFG15,age,30162,29846,316,734,0.024592910272733366,741,0.024567336383528943,7,-0.0024410115385561492,0.022151898734177215,42
CFG15,age,30162,29846,316,736,0.02465992092742746,743,0.024633644983754394,7,-0.0025080221932502456,0.022151898734177215,43
CFG15,age,30162,29846,316,700,0.023453729142933727,704,0.023340627279358133,4,-0.010795501294832461,0.012658227848101266,44
CFG15,age,30162,29846,316,700,0.023453729142933727,706,0.023406935879583583,6,-0.0044663873707818276,0.018987341772151899,45
CFG15,age,30162,29846,316,700,0.023453729142933727,711,0.023572707380147204,11,0.011356397439344754,0.034810126582278479,46
CFG15,age,30162,29846,316,681,0.02281712792333981,683,0.022644386976990914,2,-0.016488013999289178,0.0063291139240506328,47
CFG15,age,30162,29846,316,516,0.017288748911076863,523,0.017339698958954975,7,0.0048631498231003541,0.022151898734177215,48
CFG15,age,30162,29846,316,545,0.01826040340414126,555,0.018400636562562165,10,0.013385166216111907,0.031645569620253167,49
CFG15,age,30162,29846,316,571,0.019131541915164512,575,0.019063722564816657,4,-0.0064733140670632456,0.012658227848101266,50
CFG15,age,30162,29846,316,569,0.019064531260470415,571,0.01893110536436576,2,-0.012735417336419782,0.0063291139240506328,51
CFG15,age,30162,29846,316,450,0.015077397306171681,455,0.015085206551289702,5,0.00074538750395490095,0.015822784810126583,52
CFG15,age,30162,29846,316,444,0.014876365342089392,448,0.014853126450500629,4,-0.0022181374939881262,0.012658227848101266,53
CFG15,age,30162,29846,316,389,0.013033572338001743,394,0.013062794244413501,5,0.0027892124721248402,0.015822784810126583,54
CFG15,age,30162,29846,316,384,0.012866045701266501,386,0.012797559843511703,2,-0.0065369317772158682,0.0063291139240506328,55
CFG15,age,30162,29846,316,336,0.011257789988608189,343,0.011371924938664544,7,0.010894108745569026,0.022151898734177215,56
CFG15,age,30162,29846,316,333,0.011157274006567044,337,0.011172999137988197,4,0.0015009538415342216,0.012658227848101266,57
CFG15,age,30162,29846,316,343,0.011492327280037526,344,0.011405079238777269,1,-0.0083277703180122103,0.0031645569620253164,58
CFG15,age,30162,29846,316,330,0.0110567580245259,332,0.011007227637424575,2,-0.0047276441004752666,0.0063291139240506328,59
CFG15,age,30162,29846,316,271,0.0090799437110500574,276,0.0091505868311119957,5,0.006742841099076525,0.015822784810126583,60
CFG15,age,30162,29846,316,258,0.0086443744555384314,259,0.0085869637291956773,1,-0.0054798174935131137,0.0031645569620253164,61
CFG15,age,30162,29846,316,208,0.0069691080881860218,213,0.0070618659240103444,5,0.0088536767219405607,0.015822784810126583,62
CFG15,age,30162,29846,316,186,0.0062319908865509617,186,0.0061666998209667792,0,-0.0062319908865509617,0,63
CFG15,age,30162,29846,316,169,0.0056624003216511429,173,0.0057356939195013596,4,0.0069958275264501235,0.012658227848101266,64
CFG15,age,30162,29846,316,133,0.0044562085371574077,136,0.0045089848153305485,3,0.0050374623489185411,0.0094936708860759497,65
CFG15,age,30162,29846,316,110,0.0036855860081752997,110,0.0036469730123997084,0,-0.0036855860081752997,0,66
CFG15,age,30162,29846,316,108,0.0036185753534812037,111,0.0036801273125124326,3,0.0058750955325947455,0.0094936708860759497,67
CFG15,age,30162,29846,316,89,0.0029819741338872881,90,0.002983887010145216,1,0.00018258282813802838,0.0031645569620253164,68
CFG15,age,30162,29846,316,79,0.0026469208604168065,80,0.0026523440090179696,1,0.00051763610160851015,0.0031645569620253164,69
CFG15,age,30162,29846,316,64,0.0021443409502110836,64,0.0021218752072143755,0,-0.0021443409502110836,0,70
CFG15,age,30162,29846,316,54,0.0018092876767406018,54,0.0017903322060871295,0,-0.0018092876767406018,0,71
CFG15,age,30162,29846,316,39,0.001306707766534879,40,0.0013261720045089848,1,0.0018578491954904374,0.0031645569620253164,72
CFG15,age,30162,29846,316,48,0.0016082557126583126,49,0.0016245607055235063,1,0.0015563012493670038,0.0031645569620253164,73
CFG15,age,30162,29846,316,38,0.0012732024391878308,38,0.0012598634042835356,0,-0.0012732024391878308,0,74
CFG15,age,30162,29846,316,33,0.00110567580245259,34,0.0011272462038326371,1,0.0020588811595727264,0.0031645569620253164,75
CFG15,age,30162,29846,316,29,0.00097165449306439722,29,0.00096147470326901402,0,-0.00097165449306439722,0,76
CFG15,age,30162,29846,316,20,0.00067010654694096361,20,0.0006630860022544924,0,-0.00067010654694096361,0,77
CFG15,age,30162,29846,316,14,0.00046907458285867451,14,0.00046416020157814467,0,-0.00046907458285867451,0,78
CFG15,age,30162,29846,316,15,0.00050257991020572271,15,0.0004973145016908693,0,-0.00050257991020572271,0,79
CFG15,age,30162,29846,316,16,0.00053608523755277091,16,0.00053046880180359387,0,-0.00053608523755277091,0,80
CFG15,age,30162,29846,316,13,0.00043556925551162636,13,0.00043100590146542009,0,-0.00043556925551162636,0,81
CFG15,age,30162,29846,316,7,0.00023453729142933725,7,0.00023208010078907233,0,-0.00023453729142933725,0,82
CFG15,age,30162,29846,316,5,0.0001675266367352409,5,0.0001657715005636231,0,-0.0001675266367352409,0,83
CFG15,age,30162,29846,316,8,0.00026804261877638546,8,0.00026523440090179694,0,-0.00026804261877638546,0,84
CFG15,age,30162,29846,316,3,0.00010051598204114454,3,9.9462900338173865e-05,0,-0.00010051598204114454,0,85
CFG15,age,30162,29846,316,1,3.3505327347048182e-05,1,3.3154300112724617e-05,0,-3.3505327347048182e-05,0,86
CFG15,age,30162,29846,316,3,0.00010051598204114454,3,9.9462900338173865e-05,0,-0.00010051598204114454,0,88
CFG15,age,30162,29846,316,33,0.00110567580245259,35,0.0011604005039453618,2,0.0052234381215980428,0.0063291139240506328,90
CFG15,education,30162,29846,316,814,0.027273336460497219,820,0.027186526092434188,6,-0.0082859946883453196,0.018987341772151899,10th
CFG15,education,30162,29846,316,1040,0.034845540440930106,1048,0.034745706518135404,8,-0.0095290847447275766,0.025316455696202531,11th
CFG15,education,30162,29846,316,372,0.012463981773101923,377,0.012499171142497182,5,0.003358803037024659,0.015822784810126583,12th
CFG15,education,30162,29846,316,149,0.0049922937747101789,151,0.0050062993170214174,2,0.0013368201493404539,0.0063291139240506328,1st-4th
CFG15,education,30162,29846,316,283,0.009482007639214635,288,0.0095484384324646902,5,0.0063407771709119475,0.015822784810126583,5th-6th
CFG15,education,30162,29846,316,551,0.018461435368223547,557,0.018466945162787615,6,0.00052590640392835119,0.018987341772151899,7th-8th
CFG15,education,30162,29846,316,447,0.014976881324130538,455,0.015085206551289702,8,0.010339574372071995,0.025316455696202531,9th
CFG15,education,30162,29846,316,991,0.033203779400924748,1008,0.03341953451362642,17,0.020593688953505634,0.053797468354430382,Assoc-acdm
CFG15,education,30162,29846,316,1296,0.043422904241774439,1307,0.043332670247331076,11,-0.0086127776594959616,0.034810126582278479,Assoc-voc
CFG15,education,30162,29846,316,4996,0.16739261542585271,5044,0.16723028976858298,48,-0.015493881248637521,0.15189873417721519,Bachelors
CFG15,education,30162,29846,316,356,0.011927896535549152,375,0.012432862542271732,19,0.04819868574293186,0.060126582278481014,Doctorate
CFG15,education,30162,29846,316,9764,0.32714601621657846,9840,0.32623831310921025,76,-0.086639687102654392,0.24050632911392406,HS-grad
CFG15,education,30162,29846,316,1590,0.053273470481806605,1627,0.053942046283402954,37,0.063815137113130097,0.11708860759493671,Masters
CFG15,education,30162,29846,316,44,0.00147423440327012,45,0.001491943505072608,1,0.0016903225587551966,0.0031645569620253164,Preschool
CFG15,education,30162,29846,316,531,0.017791328821282582,542,0.017969630661096744,11,0.017018797760995897,0.034810126582278479,Prof-school
CFG15,education,30162,29846,316,6622,0.22187227769215306,6678,0.22140441615277501,56,-0.044657087818735328,0.17721518987341772,Some-college
CFG15,marital-status,30162,29846,316,4188,0.14032031092943778,4214,0.13971222067502154,26,-0.058041829916779551,0.082278481012658222,Divorced
CFG15,marital-status,30162,29846,316,21,0.00070361187428801182,21,0.00069624030236721708,0,-0.00070361187428801182,0,Married-AF-spouse
CFG15,marital-status,30162,29846,316,13913,0.46615961937948136,14065,0.46631523108547179,152,0.014853038848366763,0.48101265822784811,Married-civ-spouse
CFG15,marital-status,30162,29846,316,356,0.011927896535549152,370,0.01226709104170811,14,0.032375900932805277,0.044303797468354431,Married-spouse-absent
CFG15,marital-status,30162,29846,316,9627,0.32255578637003285,9726,0.32245872289635968,99,-0.0092646471295265067,0.31329113924050633,Never-married
CFG15,marital-status,30162,29846,316,926,0.031025933123366614,939,0.03113188780584842,13,0.010113307382962499,0.041139240506329111,Separated
CFG15,marital-status,30162,29846,316,815,0.027306841787844267,827,0.027418606193223262,12,0.01066784175645953,0.037974683544303799,Widowed
CFG15,native-country,30162,29846,316,17,0.00056959056489981911,18,0.00059677740202904314,1,0.0025949663971254972,0.0031645569620253164,Cambodia
CFG15,native-country,30162,29846,316,107,0.0035850700261341553,107,0.0035475101120615343,0,-0.0035850700261341553,0,Canada
CFG15,native-country,30162,29846,316,55,0.0018427930040876498,68,0.0022544924076652742,13,0.039296447502241462,0.041139240506329111,China
CFG15,native-country,30162,29846,316,0,0,56,0.0018566408063125787,56,0.17721518987341772,0.17721518987341772,Columbia
CFG15,native-country,30162,29846,316,92,0.0030824901159284324,92,0.0030501956103706649,0,-0.0030824901159284324,0,Cuba
CFG15,native-country,30162,29846,316,67,0.002244856932252228,67,0.0022213381075525496,0,-0.002244856932252228,0,Dominican-Republic
CFG15,native-country,30162,29846,316,0,0,27,0.00089516610304356476,27,0.085443037974683542,0.085443037974683542,Ecuador
CFG15,native-country,30162,29846,316,100,0.0033505327347048181,100,0.003315430011272462,0,-0.0033505327347048181,0,El-Salvador
CFG15,native-country,30162,29846,316,74,0.0024793942236815652,86,0.0028512698096943173,12,0.035495289320622229,0.037974683544303799,England
CFG15,native-country,30162,29846,316,22,0.00073711720163506002,27,0.00089516610304356476,5,0.015085667608491522,0.015822784810126583,France
CFG15,native-country,30162,29846,316,109,0.0036520806808282517,128,0.004243750414428751,19,0.056474501597652764,0.060126582278481014,Germany
CFG15,native-country,30162,29846,316,28,0.00093814916571734902,29,0.00096147470326901402,1,0.0022264077963079676,0.0031645569620253164,Greece
CFG15,native-country,30162,29846,316,63,0.0021108356228640352,63,0.0020887209071016512,0,-0.0021108356228640352,0,Guatemala
CFG15,native-country,30162,29846,316,42,0.0014072237485760236,42,0.0013924806047344342,0,-0.0014072237485760236,0,Haiti
CFG15,native-country,30162,29846,316,1,3.3505327347048182e-05,1,3.3154300112724617e-05,0,-3.3505327347048182e-05,0,Holand-Netherlands
CFG15,native-country,30162,29846,316,12,0.00040206392816457816,12,0.00039785160135269546,0,-0.00040206392816457816,0,Honduras
CFG15,native-country,30162,29846,316,16,0.00053608523755277091,19,0.00062993170214176782,3,0.0089575856485231784,0.0094936708860759497,Hong
CFG15,native-country,30162,29846,316,13,0.00043556925551162636,13,0.00043100590146542009,0,-0.00043556925551162636,0,Hungary
CFG15,native-country,30162,29846,316,84,0.0028144474971520473,100,0.003315430011272462,16,0.047818463895253016,0.050632911392405063,India
CFG15,native-country,30162,29846,316,37,0.0012396971118407826,42,0.0013924806047344342,5,0.014583087698285799,0.015822784810126583,Iran
CFG15,native-country,30162,29846,316,24,0.00080412785632915631,24,0.00079570320270539092,0,-0.00080412785632915631,0,Ireland
CFG15,native-country,30162,29846,316,63,0.0021108356228640352,68,0.0022544924076652742,5,0.013711949187262547,0.015822784810126583,Italy
CFG15,native-country,30162,29846,316,80,0.0026804261877638545,80,0.0026523440090179696,0,-0.0026804261877638545,0,Jamaica
CFG15,native-country,30162,29846,316,53,0.0017757823493935536,59,0.0019561037066507525,6,0.017211559422758343,0.018987341772151899,Japan
CFG15,native-country,30162,29846,316,15,0.00050257991020572271,17,0.00056362310191631856,2,0.00582653401384491,0.0063291139240506328,Laos
CFG15,native-country,30162,29846,316,610,0.02043824968169939,610,0.020224123068762017,0,-0.02043824968169939,0,Mexico
CFG15,native-country,30162,29846,316,0,0,33,0.0010940919037199124,33,0.10443037974683544,0.10443037974683544,Nicaragua
CFG15,native-country,30162,29846,316,14,0.00046907458285867451,14,0.00046416020157814467,0,-0.00046907458285867451,0,Outlying-US(Guam-USVI-etc)
CFG15,native-country,30162,29846,316,0,0,30,0.00099462900338173859,30,0.0949367088607595,0.0949367088607595,Peru
CFG15,native-country,30162,29846,316,162,0.0054278630302218049,188,0.0062330084211922286,26,0.07685061798243642,0.082278481012658222,Philippines
CFG15,native-country,30162,29846,316,52,0.0017422770220465054,56,0.0018566408063125787,4,0.01091595082605476,0.012658227848101266,Poland
CFG15,native-country,30162,29846,316,31,0.0010386651477584936,34,0.0011272462038326371,3,0.0084550057383174556,0.0094936708860759497,Portugal
CFG15,native-country,30162,29846,316,109,0.0036520806808282517,109,0.0036138187122869837,0,-0.0036520806808282517,0,Puerto-Rico
CFG15,native-country,30162,29846,316,10,0.00033505327347048181,11,0.00036469730123997083,1,0.0028295036885548348,0.0031645569620253164,Scotland
CFG15,native-country,30162,29846,316,70,0.0023453729142933724,71,0.0023539553080034479,1,0.00081918404773194376,0.0031645569620253164,South
CFG15,native-country,30162,29846,316,34,0.0011391811297996382,42,0.0013924806047344342,8,0.024177274566402892,0.025316455696202531,Taiwan
CFG15,native-country,30162,29846,316,16,0.00053608523755277091,17,0.00056362310191631856,1,0.0026284717244725456,0.0031645569620253164,Thailand
CFG15,native-country,30162,29846,316,0,0,18,0.00059677740202904314,18,0.056962025316455694,0.056962025316455694,Trinadad&Tobago
CFG15,native-country,30162,29846,316,27491,0.92109495409770148,27504,0.91187587030037798,13,-0.87995571359137237,0.041139240506329111,United-States
CFG15,native-country,30162,29846,316,58,0.0019433089861287944,64,0.0021218752072143755,6,0.017044032786023105,0.018987341772151899,Vietnam
CFG15,native-country,30162,29846,316,15,0.00050257991020572271,16,0.00053046880180359387,1,0.0026619770518195936,0.0031645569620253164,Yugoslavia
CFG15,occupation,30162,29846,316,3668,0.12289754070897273,3721,0.12336715071944832,53,0.044823978278369044,0.16772151898734178,Adm-clerical
CFG15,occupation,30162,29846,316,9,0.0003015479461234336,9,0.00029838870101452157,0,-0.0003015479461234336,0,Armed-Forces
CFG15,occupation,30162,29846,316,4005,0.13418883602492795,4030,0.13361182945428021,25,-0.055074911974295052,0.079113924050632917,Craft-repair
CFG15,occupation,30162,29846,316,3971,0.13304965489512832,3992,0.13235196604999669,21,-0.066593958692596683,0.066455696202531639,Exec-managerial
CFG15,occupation,30162,29846,316,982,0.032902231454801312,989,0.032789602811484651,7,-0.010750332720624098,0.022151898734177215,Farming-fishing
CFG15,occupation,30162,29846,316,1336,0.044763117335656369,1350,0.04475830515217824,14,-0.00045931986730193901,0.044303797468354431,Handlers-cleaners
CFG15,occupation,30162,29846,316,1935,0.064832808416538226,1966,0.065181354021616608,31,0.033268457406246579,0.098101265822784806,Machine-op-inspct
CFG15,occupation,30162,29846,316,3177,0.10644642498157207,3212,0.10649161196207148,35,0.0043130686893140058,0.11075949367088607,Other-service
CFG15,occupation,30162,29846,316,140,0.0046907458285867449,143,0.0047410649161196208,3,0.0048029250574892039,0.0094936708860759497,Priv-house-serv
CFG15,occupation,30162,29846,316,3963,0.13278161227635193,4038,0.13387706385518203,75,0.10456015987554679,0.23734177215189872,Prof-specialty
CFG15,occupation,30162,29846,316,633,0.021208872210681497,644,0.021351369272594657,11,0.013601254371596982,0.034810126582278479,Protective-serv
CFG15,occupation,30162,29846,316,3568,0.11954700797426791,3584,0.11882501160400503,16,-0.068914096581862844,0.050632911392405063,Sales
CFG15,occupation,30162,29846,316,897,0.030054278630302217,912,0.030236721702804854,15,0.01741407580007753,0.04746835443037975,Tech-support
CFG15,occupation,30162,29846,316,1562,0.052335321316089256,1572,0.052118559777203102,10,-0.020689751695836093,0.031645569620253167,Transport-moving
CFG15,race,30162,29846,316,285,0.0095490182939087318,286,0.0094821298322392417,1,-0.006384461331883415,0.0031645569620253164,Amer-Indian-Eskimo
CFG15,race,30162,29846,316,817,0.027373852442538364,895,0.029673098600888535,78,0.21946159059543632,0.24683544303797469,Asian-Pac-Islander
CFG15,race,30162,29846,316,2797,0.093714400589693755,2817,0.093395663417545252,20,-0.030423261349187432,0.063291139240506333,Black
CFG15,race,30162,29846,316,210,0.0070361187428801177,231,0.007658643326039387,21,0.059419577459651526,0.066455696202531639,Other
CFG15,race,30162,29846,316,25737,0.86232660993097898,25933,0.85979046482328758,196,-0.24207344537401701,0.620253164556962,White
CFG15,salary-class,30162,29846,316,22407,0.75075386986530857,22654,0.75107751475366358,247,0.030891699754944581,0.78164556962025311,<=50K
CFG15,salary-class,30162,29846,316,7439,0.24924613013469141,7508,0.24892248524633645,69,-0.030891699754944581,0.21835443037974683,>50K
CFG15,sex,30162,29846,316,9666,0.3238624941365677,9782,0.32431536370267222,116,0.043226113458368992,0.36708860759493672,Female
CFG15,sex,30162,29846,316,20180,0.67613750586343224,20380,0.67568463629732778,200,-0.043226113458368992,0.63291139240506333,Male
CFG15,workclass,30162,29846,316,902,0.030221805267037459,943,0.03126450500629932,41,0.09952503017600052,0.12974683544303797,Federal-gov
CFG15,workclass,30162,29846,316,2012,0.067412718622260934,2067,0.068529938333001791,55,0.10663791428913147,0.17405063291139242,Local-gov
CFG15,workclass,30162,29846,316,22147,0.74204248475507606,22286,0.73887673231218087,139,-0.30216906703355706,0.439873417721519,Private
CFG15,workclass,30162,29846,316,1073,0.035951216243382697,1074,0.03560771832106624,1,-0.032786659281357385,0.0031645569620253164,Self-emp-inc
CFG15,workclass,30162,29846,316,2486,0.083294243784761773,2499,0.082852595981698821,13,-0.042155003278432662,0.041139240506329111,Self-emp-not-inc
CFG15,workclass,30162,29846,316,1226,0.04107753132748107,1279,0.042404349844174787,53,0.12664398765986071,0.16772151898734178,State-gov
CFG15,workclass,30162,29846,316,0,0,14,0.00046416020157814467,14,0.044303797468354431,0.044303797468354431,Without-pay
CFG16,age,30162,29846,316,327,0.010956242042484755,328,0.010874610436973676,1,-0.007791685080459439,0.0031645569620253164,17
CFG16,age,30162,29846,316,444,0.014876365342089392,447,0.014819972150387906,3,-0.0053826944560134427,0.0094936708860759497,18
CFG16,age,30162,29846,316,588,0.019701132480064332,594,0.019693654266958426,6,-0.00071379070791243154,0.018987341772151899,19
CFG16,age,30162,29846,316,624,0.020907324264558064,629,0.020854054770903786,5,-0.0050845394544314828,0.015822784810126583,20
CFG16,age,30162,29846,316,614,0.020572270991087584,621,0.020588820370001988,7,0.0015796277430896323,0.022151898734177215,21
CFG16,age,30162,29846,316,671,0.02248207464986933,674,0.022345998275976393,3,-0.01298840376379338,0.0094936708860759497,22
CFG16,age,30162,29846,316,816,0.027340347115191316,824,0.027319143292885088,8,-0.0020238914189887837,0.025316455696202531,23
CFG16,age,30162,29846,316,746,0.024994974200897944,752,0.024932033684768914,6,-0.0060076324287460436,0.018987341772151899,24
CFG16,age,30162,29846,316,789,0.026435703276821015,799,0.026490285790066972,10,0.0052098663434321504,0.031645569620253167,25
CFG16,age,30162,29846,316,736,0.02465992092742746,745,0.024699953583979844,9,0.0038210917308003872,0.028481012658227847,26
CFG16,age,30162,29846,316,782,0.026201165985391676,789,0.026158742788939725,7,-0.0040492672512144621,0.022151898734177215,27
CFG16,age,30162,29846,316,798,0.026737251222944448,808,0.026788674491081493,10,0.0049083183973087164,0.031645569620253167,28
CFG16,age,30162,29846,316,756,0.025330027474368425,774,0.025661428287248857,18,0.03163199784208727,0.056962025316455694,29
CFG16,age,30162,29846,316,803,0.02690477785967969,813,0.026954445991645117,10,0.0047407917605734751,0.031645569620253167,30
CFG16,age,30162,29846,316,847,0.02837901226294981,851,0.028214309395928651,4,-0.015720784414848542,0.012658227848101266,31
CFG16,age,30162,29846,316,776,0.026000134021309389,789,0.026158742788939725,13,0.015139106485019725,0.041139240506329111,32
CFG16,age,30162,29846,316,825,0.027641895061314748,837,0.027750149194350506,12,0.010332788482989049,0.037974683544303799,33
CFG16,age,30162,29846,316,827,0.027708905716008845,836,0.027716994894237783,9,0.00077210694221900274,0.028481012658227847,34
CFG16,age,30162,29846,316,822,0.027541379079273603,828,0.027451760493335985,6,-0.0085540373071217052,0.018987341772151899,35
CFG16,age,30162,29846,316,843,0.028244990953561616,852,0.028247463696041378,9,0.0002360217046662318,0.028481012658227847,36
CFG16,age,30162,29846,316,819,0.027440863097232461,828,0.027451760493335985,9,0.0010401495609953881,0.028481012658227847,37
CFG16,age,30162,29846,316,780,0.02613415533069758,791,0.026225051389165175,11,0.0086759712515808995,0.034810126582278479,38
CFG16,age,30162,29846,316,780,0.02613415533069758,786,0.026059279888601551,6,-0.0071468135585456821,0.018987341772151899,39
CFG16,age,30162,29846,316,759,0.02543054345640957,765,0.025363039586234336,6,-0.0064432016842576705,0.018987341772151899,40
CFG16,age,30162,29846,316,759,0.02543054345640957,769,0.025495656786685233,10,0.0062150261638435952,0.031645569620253167,41
CFG16,age,30162,29846,316,734,0.024592910272733366,741,0.024567336383528943,7,-0.0024410115385561492,0.022151898734177215,42
CFG16,age,30162,29846,316,736,0.02465992092742746,743,0.024633644983754394,7,-0.0025080221932502456,0.022151898734177215,43
CFG16,age,30162,29846,316,700,0.023453729142933727,704,0.023340627279358133,4,-0.010795501294832461,0.012658227848101266,44
CFG16,age,30162,29846,316,700,0.023453729142933727,706,0.023406935879583583,6,-0.0044663873707818276,0.018987341772151899,45
CFG16,age,30162,29846,316,700,0.023453729142933727,711,0.023572707380147204,11,0.011356397439344754,0.034810126582278479,46
CFG16,age,30162,29846,316,681,0.02281712792333981,683,0.022644386976990914,2,-0.016488013999289178,0.0063291139240506328,47
CFG16,age,30162,29846,316,516,0.017288748911076863,523,0.017339698958954975,7,0.0048631498231003541,0.022151898734177215,48
CFG16,age,30162,29846,316,545,0.01826040340414126,555,0.018400636562562165,10,0.013385166216111907,0.031645569620253167,49
CFG16,age,30162,29846,316,571,0.019131541915164512,575,0.019063722564816657,4,-0.0064733140670632456,0.012658227848101266,50
CFG16,age,30162,29846,316,569,0.019064531260470415,571,0.01893110536436576,2,-0.012735417336419782,0.0063291139240506328,51
CFG16,age,30162,29846,316,450,0.015077397306171681,455,0.015085206551289702,5,0.00074538750395490095,0.015822784810126583,52
CFG16,age,30162,29846,316,444,0.014876365342089392,448,0.014853126450500629,4,-0.0022181374939881262,0.012658227848101266,53
CFG16,age,30162,29846,316,389,0.013033572338001743,394,0.013062794244413501,5,0.0027892124721248402,0.015822784810126583,54
CFG16,age,30162,29846,316,384,0.012866045701266501,386,0.012797559843511703,2,-0.0065369317772158682,0.0063291139240506328,55
CFG16,age,30162,29846,316,336,0.011257789988608189,343,0.011371924938664544,7,0.010894108745569026,0.022151898734177215,56
CFG16,age,30162,29846,316,333,0.011157274006567044,337,0.011172999137988197,4,0.0015009538415342216,0.012658227848101266,57
CFG16,age,30162,29846,316,343,0.011492327280037526,344,0.011405079238777269,1,-0.0083277703180122103,0.0031645569620253164,58
CFG16,age,30162,29846,316,330,0.0110567580245259,332,0.011007227637424575,2,-0.0047276441004752666,0.0063291139240506328,59
CFG16,age,30162,29846,316,271,0.0090799437110500574,276,0.0091505868311119957,5,0.006742841099076525,0.015822784810126583,60
CFG16,age,30162,29846,316,258,0.0086443744555384314,259,0.0085869637291956773,1,-0.0054798174935131137,0.0031645569620253164,61
CFG16,age,30162,29846,316,208,0.0069691080881860218,213,0.0070618659240103444,5,0.0088536767219405607,0.015822784810126583,62
CFG16,age,30162,29846,316,186,0.0062319908865509617,186,0.0061666998209667792,0,-0.0062319908865509617,0,63
CFG16,age,30162,29846,316,169,0.0056624003216511429,173,0.0057356939195013596,4,0.0069958275264501235,0.012658227848101266,64
CFG16,age,30162,29846,316,133,0.0044562085371574077,136,0.0045089848153305485,3,0.0050374623489185411,0.0094936708860759497,65
CFG16,age,30162,29846,316,110,0.0036855860081752997,110,0.0036469730123997084,0,-0.0036855860081752997,0,66
CFG16,age,30162,29846,316,108,0.0036185753534812037,111,0.0036801273125124326,3,0.0058750955325947455,0.0094936708860759497,67
CFG16,age,30162,29846,316,89,0.0029819741338872881,90,0.002983887010145216,1,0.00018258282813802838,0.0031645569620253164,68
CFG16,age,30162,29846,316,79,0.0026469208604168065,80,0.0026523440090179696,1,0.00051763610160851015,0.0031645569620253164,69
CFG16,age,30162,29846,316,64,0.0021443409502110836,64,0.0021218752072143755,0,-0.0021443409502110836,0,70
CFG16,age,30162,29846,316,54,0.0018092876767406018,54,0.0017903322060871295,0,-0.0018092876767406018,0,71
CFG16,age,30162,29846,316,39,0.001306707766534879,40,0.0013261720045089848,1,0.0018578491954904374,0.0031645569620253164,72
CFG16,age,30162,29846,316,48,0.0016082557126583126,49,0.0016245607055235063,1,0.0015563012493670038,0.0031645569620253164,73
CFG16,age,30162,29846,316,38,0.0012732024391878308,38,0.0012598634042835356,0,-0.0012732024391878308,0,74
CFG16,age,30162,29846,316,33,0.00110567580245259,34,0.0011272462038326371,1,0.0020588811595727264,0.0031645569620253164,75
CFG16,age,30162,29846,316,29,0.00097165449306439722,29,0.00096147470326901402,0,-0.00097165449306439722,0,76
CFG16,age,30162,29846,316,20,0.00067010654694096361,20,0.0006630860022544924,0,-0.00067010654694096361,0,77
CFG16,age,30162,29846,316,14,0.00046907458285867451,14,0.00046416020157814467,0,-0.00046907458285867451,0,78
CFG16,age,30162,29846,316,15,0.00050257991020572271,15,0.0004973145016908693,0,-0.00050257991020572271,0,79
CFG16,age,30162,29846,316,16,0.00053608523755277091,16,0.00053046880180359387,0,-0.00053608523755277091,0,80
CFG16,age,30162,29846,316,13,0.00043556925551162636,13,0.00043100590146542009,0,-0.00043556925551162636,0,81
CFG16,age,30162,29846,316,7,0.00023453729142933725,7,0.00023208010078907233,0,-0.00023453729142933725,0,82
CFG16,age,30162,29846,316,5,0.0001675266367352409,5,0.0001657715005636231,0,-0.0001675266367352409,0,83
CFG16,age,30162,29846,316,8,0.00026804261877638546,8,0.00026523440090179694,0,-0.00026804261877638546,0,84
CFG16,age,30162,29846,316,3,0.00010051598204114454,3,9.9462900338173865e-05,0,-0.00010051598204114454,0,85
CFG16,age,30162,29846,316,1,3.3505327347048182e-05,1,3.3154300112724617e-05,0,-3.3505327347048182e-05,0,86
CFG16,age,30162,29846,316,3,0.00010051598204114454,3,9.9462900338173865e-05,0,-0.00010051598204114454,0,88
CFG16,age,30162,29846,316,33,0.00110567580245259,35,0.0011604005039453618,2,0.0052234381215980428,0.0063291139240506328,90
CFG16,education,30162,29846,316,814,0.027273336460497219,820,0.027186526092434188,6,-0.0082859946883453196,0.018987341772151899,10th
CFG16,education,30162,29846,316,1040,0.034845540440930106,1048,0.034745706518135404,8,-0.0095290847447275766,0.025316455696202531,11th
CFG16,education,30162,29846,316,372,0.012463981773101923,377,0.012499171142497182,5,0.003358803037024659,0.015822784810126583,12th
CFG16,education,30162,29846,316,149,0.0049922937747101789,151,0.0050062993170214174,2,0.0013368201493404539,0.0063291139240506328,1st-4th
CFG16,education,30162,29846,316,283,0.009482007639214635,288,0.0095484384324646902,5,0.0063407771709119475,0.015822784810126583,5th-6th
CFG16,education,30162,29846,316,551,0.018461435368223547,557,0.018466945162787615,6,0.00052590640392835119,0.018987341772151899,7th-8th
CFG16,education,30162,29846,316,447,0.014976881324130538,455,0.015085206551289702,8,0.010339574372071995,0.025316455696202531,9th
CFG16,education,30162,29846,316,991,0.033203779400924748,1008,0.03341953451362642,17,0.020593688953505634,0.053797468354430382,Assoc-acdm
CFG16,education,30162,29846,316,1296,0.043422904241774439,1307,0.043332670247331076,11,-0.0086127776594959616,0.034810126582278479,Assoc-voc
CFG16,education,30162,29846,316,4996,0.16739261542585271,5044,0.16723028976858298,48,-0.015493881248637521,0.15189873417721519,Bachelors
CFG16,education,30162,29846,316,356,0.011927896535549152,375,0.012432862542271732,19,0.04819868574293186,0.060126582278481014,Doctorate
CFG16,education,30162,29846,316,9764,0.32714601621657846,9840,0.32623831310921025,76,-0.086639687102654392,0.24050632911392406,HS-grad
CFG16,education,30162,29846,316,1590,0.053273470481806605,1627,0.053942046283402954,37,0.063815137113130097,0.11708860759493671,Masters
CFG16,education,30162,29846,316,44,0.00147423440327012,45,0.001491943505072608,1,0.0016903225587551966,0.0031645569620253164,Preschool
CFG16,education,30162,29846,316,531,0.017791328821282582,542,0.017969630661096744,11,0.017018797760995897,0.034810126582278479,Prof-school
CFG16,education,30162,29846,316,6622,0.22187227769215306,6678,0.22140441615277501,56,-0.044657087818735328,0.17721518987341772,Some-college
CFG16,marital-status,30162,29846,316,4188,0.14032031092943778,4214,0.13971222067502154,26,-0.058041829916779551,0.082278481012658222,Divorced
CFG16,marital-status,30162,29846,316,21,0.00070361187428801182,21,0.00069624030236721708,0,-0.00070361187428801182,0,Married-AF-spouse
CFG16,marital-status,30162,29846,316,13913,0.46615961937948136,14065,0.46631523108547179,152,0.014853038848366763,0.48101265822784811,Married-civ-spouse
CFG16,marital-status,30162,29846,316,356,0.011927896535549152,370,0.01226709104170811,14,0.032375900932805277,0.044303797468354431,Married-spouse-absent
CFG16,marital-status,30162,29846,316,9627,0.32255578637003285,9726,0.32245872289635968,99,-0.0092646471295265067,0.31329113924050633,Never-married
CFG16,marital-status,30162,29846,316,926,0.031025933123366614,939,0.03113188780584842,13,0.010113307382962499,0.041139240506329111,Separated
CFG16,marital-status,30162,29846,316,815,0.027306841787844267,827,0.027418606193223262,12,0.01066784175645953,0.037974683544303799,Widowed
CFG16,native-country,30162,29846,316,17,0.00056959056489981911,18,0.00059677740202904314,1,0.0025949663971254972,0.0031645569620253164,Cambodia
CFG16,native-country,30162,29846,316,107,0.0035850700261341553,107,0.0035475101120615343,0,-0.0035850700261341553,0,Canada
CFG16,native-country,30162,29846,316,55,0.0018427930040876498,68,0.0022544924076652742,13,0.039296447502241462,0.041139240506329111,China
CFG16,native-country,30162,29846,316,0,0,56,0.0018566408063125787,56,0.17721518987341772,0.17721518987341772,Columbia
CFG16,native-country,30162,29846,316,92,0.0030824901159284324,92,0.0030501956103706649,0,-0.0030824901159284324,0,Cuba
CFG16,native-country,30162,29846,316,67,0.002244856932252228,67,0.0022213381075525496,0,-0.002244856932252228,0,Dominican-Republic
CFG16,native-country,30162,29846,316,0,0,27,0.00089516610304356476,27,0.085443037974683542,0.085443037974683542,Ecuador
CFG16,native-country,30162,29846,316,100,0.0033505327347048181,100,0.003315430011272462,0,-0.0033505327347048181,0,El-Salvador
CFG16,native-country,30162,29846,316,74,0.0024793942236815652,86,0.0028512698096943173,12,0.035495289320622229,0.037974683544303799,England
CFG16,native-country,30162,29846,316,22,0.00073711720163506002,27,0.00089516610304356476,5,0.015085667608491522,0.015822784810126583,France
CFG16,native-country,30162,29846,316,109,0.0036520806808282517,128,0.004243750414428751,19,0.056474501597652764,0.060126582278481014,Germany
CFG16,native-country,30162,29846,316,28,0.00093814916571734902,29,0.00096147470326901402,1,0.0022264077963079676,0.0031645569620253164,Greece
CFG16,native-country,30162,29846,316,63,0.0021108356228640352,63,0.0020887209071016512,0,-0.0021108356228640352,0,Guatemala
CFG16,native-country,30162,29846,316,42,0.0014072237485760236,42,0.0013924806047344342,0,-0.0014072237485760236,0,Haiti
CFG16,native-country,30162,29846,316,1,3.3505327347048182e-05,1,3.3154300112724617e-05,0,-3.3505327347048182e-05,0,Holand-Netherlands
CFG16,native-country,30162,29846,316,12,0.00040206392816457816,12,0.00039785160135269546,0,-0.00040206392816457816,0,Honduras
CFG16,native-country,30162,29846,316,16,0.00053608523755277091,19,0.00062993170214176782,3,0.0089575856485231784,0.0094936708860759497,Hong
CFG16,native-country,30162,29846,316,13,0.00043556925551162636,13,0.00043100590146542009,0,-0.00043556925551162636,0,Hungary
CFG16,native-country,30162,29846,316,84,0.0028144474971520473,100,0.003315430011272462,16,0.047818463895253016,0.050632911392405063,India
CFG16,native-country,30162,29846,316,37,0.0012396971118407826,42,0.0013924806047344342,5,0.014583087698285799,0.015822784810126583,Iran
CFG16,native-country,30162,29846,316,24,0.00080412785632915631,24,0.00079570320270539092,0,-0.00080412785632915631,0,Ireland
CFG16,native-country,30162,29846,316,63,0.0021108356228640352,68,0.0022544924076652742,5,0.013711949187262547,0.015822784810126583,Italy
CFG16,native-country,30162,29846,316,80,0.0026804261877638545,80,0.0026523440090179696,0,-0.0026804261877638545,0,Jamaica
CFG16,native-country,30162,29846,316,53,0.0017757823493935536,59,0.0019561037066507525,6,0.017211559422758343,0.018987341772151899,Japan
CFG16,native-country,30162,29846,316,15,0.00050257991020572271,17,0.00056362310191631856,2,0.00582653401384491,0.0063291139240506328,Laos
CFG16,native-country,30162,29846,316,610,0.02043824968169939,610,0.020224123068762017,0,-0.02043824968169939,0,Mexico
CFG16,native-country,30162,29846,316,0,0,33,0.0010940919037199124,33,0.10443037974683544,0.10443037974683544,Nicaragua
CFG16,native-country,30162,29846,316,14,0.00046907458285867451,14,0.00046416020157814467,0,-0.00046907458285867451,0,Outlying-US(Guam-USVI-etc)
CFG16,native-country,30162,29846,316,0,0,30,0.00099462900338173859,30,0.0949367088607595,0.0949367088607595,Peru
CFG16,native-country,30162,29846,316,162,0.0054278630302218049,188,0.0062330084211922286,26,0.07685061798243642,0.082278481012658222,Philippines
CFG16,native-country,30162,29846,316,52,0.0017422770220465054,56,0.0018566408063125787,4,0.01091595082605476,0.012658227848101266,Poland
CFG16,native-country,30162,29846,316,31,0.0010386651477584936,34,0.0011272462038326371,3,0.0084550057383174556,0.0094936708860759497,Portugal
CFG16,native-country,30162,29846,316,109,0.0036520806808282517,109,0.0036138187122869837,0,-0.0036520806808282517,0,Puerto-Rico
CFG16,native-country,30162,29846,316,10,0.00033505327347048181,11,0.00036469730123997083,1,0.0028295036885548348,0.0031645569620253164,Scotland
CFG16,native-country,30162,29846,316,70,0.0023453729142933724,71,0.0023539553080034479,1,0.00081918404773194376,0.0031645569620253164,South
CFG16,native-country,30162,29846,316,34,0.0011391811297996382,42,0.0013924806047344342,8,0.024177274566402892,0.025316455696202531,Taiwan
CFG16,native-country,30162,29846,316,16,0.00053608523755277091,17,0.00056362310191631856,1,0.0026284717244725456,0.0031645569620253164,Thailand
CFG16,native-country,30162,29846,316,0,0,18,0.00059677740202904314,18,0.056962025316455694,0.056962025316455694,Trinadad&Tobago
CFG16,native-country,30162,29846,316,27491,0.92109495409770148,27504,0.91187587030037798,13,-0.87995571359137237,0.041139240506329111,United-States
CFG16,native-country,30162,29846,316,58,0.0019433089861287944,64,0.0021218752072143755,6,0.017044032786023105,0.018987341772151899,Vietnam
CFG16,native-country,30162,29846,316,15,0.00050257991020572271,16,0.00053046880180359387,1,0.0026619770518195936,0.0031645569620253164,Yugoslavia
CFG16,occupation,30162,29846,316,3668,0.12289754070897273,3721,0.12336715071944832,53,0.044823978278369044,0.16772151898734178,Adm-clerical
CFG16,occupation,30162,29846,316,9,0.0003015479461234336,9,0.00029838870101452157,0,-0.0003015479461234336,0,Armed-Forces
CFG16,occupation,30162,29846,316,4005,0.13418883602492795,4030,0.13361182945428021,25,-0.055074911974295052,0.079113924050632917,Craft-repair
CFG16,occupation,30162,29846,316,3971,0.13304965489512832,3992,0.13235196604999669,21,-0.066593958692596683,0.066455696202531639,Exec-managerial
CFG16,occupation,30162,29846,316,982,0.032902231454801312,989,0.032789602811484651,7,-0.010750332720624098,0.022151898734177215,Farming-fishing
CFG16,occupation,30162,29846,316,1336,0.044763117335656369,1350,0.04475830515217824,14,-0.00045931986730193901,0.044303797468354431,Handlers-cleaners
CFG16,occupation,30162,29846,316,1935,0.064832808416538226,1966,0.065181354021616608,31,0.033268457406246579,0.098101265822784806,Machine-op-inspct
CFG16,occupation,30162,29846,316,3177,0.10644642498157207,3212,0.10649161196207148,35,0.0043130686893140058,0.11075949367088607,Other-service
CFG16,occupation,30162,29846,316,140,0.0046907458285867449,143,0.0047410649161196208,3,0.0048029250574892039,0.0094936708860759497,Priv-house-serv
CFG16,occupation,30162,29846,316,3963,0.13278161227635193,4038,0.13387706385518203,75,0.10456015987554679,0.23734177215189872,Prof-specialty
CFG16,occupation,30162,29846,316,633,0.021208872210681497,644,0.021351369272594657,11,0.013601254371596982,0.034810126582278479,Protective-serv
CFG16,occupation,30162,29846,316,3568,0.11954700797426791,3584,0.11882501160400503,16,-0.068914096581862844,0.050632911392405063,Sales
CFG16,occupation,30162,29846,316,897,0.030054278630302217,912,0.030236721702804854,15,0.01741407580007753,0.04746835443037975,Tech-support
CFG16,occupation,30162,29846,316,1562,0.052335321316089256,1572,0.052118559777203102,10,-0.020689751695836093,0.031645569620253167,Transport-moving
CFG16,race,30162,29846,316,285,0.0095490182939087318,286,0.0094821298322392417,1,-0.006384461331883415,0.0031645569620253164,Amer-Indian-Eskimo
CFG16,race,30162,29846,316,817,0.027373852442538364,895,0.029673098600888535,78,0.21946159059543632,0.24683544303797469,Asian-Pac-Islander
CFG16,race,30162,29846,316,2797,0.093714400589693755,2817,0.093395663417545252,20,-0.030423261349187432,0.063291139240506333,Black
CFG16,race,30162,29846,316,210,0.0070361187428801177,231,0.007658643326039387,21,0.059419577459651526,0.066455696202531639,Other
CFG16,race,30162,29846,316,25737,0.86232660993097898,25933,0.85979046482328758,196,-0.24207344537401701,0.620253164556962,White
CFG16,salary-class,30162,29846,316,22407,0.75075386986530857,22654,0.75107751475366358,247,0.030891699754944581,0.78164556962025311,<=50K
CFG16,salary-class,30162,29846,316,7439,0.24924613013469141,7508,0.24892248524633645,69,-0.030891699754944581,0.21835443037974683,>50K
CFG16,sex,30162,29846,316,9666,0.3238624941365677,9782,0.32431536370267222,116,0.043226113458368992,0.36708860759493672,Female
CFG16,sex,30162,29846,316,20180,0.67613750586343224,20380,0.67568463629732778,200,-0.043226113458368992,0.63291139240506333,Male
CFG16,workclass,30162,29846,316,902,0.030221805267037459,943,0.03126450500629932,41,0.09952503017600052,0.12974683544303797,Federal-gov
CFG16,workclass,30162,29846,316,2012,0.067412718622260934,2067,0.068529938333001791,55,0.10663791428913147,0.17405063291139242,Local-gov
CFG16,workclass,30162,29846,316,22147,0.74204248475507606,22286,0.73887673231218087,139,-0.30216906703355706,0.439873417721519,Private
CFG16,workclass,30162,29846,316,1073,0.035951216243382697,1074,0.03560771832106624,1,-0.032786659281357385,0.0031645569620253164,Self-emp-inc
CFG16,workclass,30162,29846,316,2486,0.083294243784761773,2499,0.082852595981698821,13,-0.042155003278432662,0.041139240506329111,Self-emp-not-inc
CFG16,workclass,30162,29846,316,1226,0.04107753132748107,1279,0.042404349844174787,53,0.12664398765986071,0.16772151898734178,State-gov
CFG16,workclass,30162,29846,316,0,0,14,0.00046416020157814467,14,0.044303797468354431,0.044303797468354431,Without-pay
